Bezirk_Region;Region;Jung;Mittel ;Alt;Population;Anteil Hard Brexit ;Anteil Soft Brexit;Anteil No Brexit;;UK;Anteil;
Aberdeen North_Scotland;Aberdeen North;42.10%;39.30%;18.60%;mehr junge Menschen;22.83%;13.20%;63.96%;;UK_Jung;36.36%;
Arfon_Wales;Arfon;42.50%;34.46%;23.04%;mehr junge Menschen;19.22%;35.61%;45.17%;;UK_Mittel;39.49%;
Ashton-under-Lyne_North West;Ashton-under-Lyne;37.27%;39.99%;22.73%;mehr junge Menschen;45.19%;48.07%;6.75%;;UK_Alt;24.15%;
Aylesbury_South East;Aylesbury;37.01%;42.60%;20.40%;mehr junge Menschen;54.04%;25.36%;20.59%;;;;
Barking_London;Barking;46.48%;41.71%;11.81%;mehr junge Menschen;33.66%;61.17%;5.17%;;;;
Basildon and Billericay_East of England;Basildon and Billericay;37.18%;40.43%;22.39%;mehr junge Menschen;67.40%;20.90%;11.70%;;;Mehr junge Menschen;Gesamt
Basingstoke_South East;Basingstoke;36.67%;43.63%;19.70%;mehr junge Menschen;54.84%;28.53%;16.64%;;Hard Brexit;36.02%;45.64%
Bath_South West;Bath;47.12%;32.25%;20.63%;mehr junge Menschen;32.32%;12.82%;54.87%;;Soft Brexit;47.00%;34.38%
Batley and Spen_Yorkshire and The Humber;Batley and Spen;37.38%;39.76%;22.85%;mehr junge Menschen;44.62%;48.59%;6.78%;;No Brexit;16.98%;19.98%
Battersea_London;Battersea;40.35%;47.94%;11.71%;mehr junge Menschen;36.69%;45.50%;17.81%;;;;
Bedford_East of England;Bedford;37.57%;40.59%;21.84%;mehr junge Menschen;44.91%;43.32%;11.77%;;;;
Belfast North_Northern Ireland;Belfast North;38.89%;39.44%;21.67%;mehr junge Menschen;0.00%;43.10%;56.90%;;;;
Belfast South_Northern Ireland;Belfast South;43.03%;38.21%;18.75%;mehr junge Menschen;0.00%;27.64%;72.36%;;;;
Belfast West_Northern Ireland;Belfast West;42.78%;37.73%;19.49%;mehr junge Menschen;0.00%;16.86%;83.14%;;;;
Bermondsey and Old Southwark_London;Bermondsey and Old Southwark;42.90%;46.02%;11.08%;mehr junge Menschen;19.27%;54.12%;26.61%;;;;
Bethnal Green and Bow_London;Bethnal Green and Bow;46.83%;43.33%;9.84%;mehr junge Menschen;12.66%;73.27%;14.07%;;;;
Bexleyheath and Crayford_London;Bexleyheath and Crayford;37.06%;41.56%;21.37%;mehr junge Menschen;60.52%;29.85%;9.64%;;;;
Birkenhead_North West;Birkenhead;36.74%;39.75%;23.51%;mehr junge Menschen;20.06%;71.31%;8.63%;;;;
Birmingham, Edgbaston_West Midlands;Birmingham, Edgbaston;45.68%;35.99%;18.33%;mehr junge Menschen;39.34%;50.13%;10.54%;;;;
Birmingham, Erdington_West Midlands;Birmingham, Erdington;42.82%;38.82%;18.36%;mehr junge Menschen;44.17%;50.30%;5.53%;;;;
Birmingham, Hall Green_West Midlands;Birmingham, Hall Green;46.10%;37.87%;16.03%;mehr junge Menschen;16.98%;73.79%;9.23%;;;;
Birmingham, Hodge Hill_West Midlands;Birmingham, Hodge Hill;51.88%;34.83%;13.29%;mehr junge Menschen;18.46%;79.11%;2.43%;;;;
Birmingham, Ladywood_West Midlands;Birmingham, Ladywood;55.02%;35.63%;9.35%;mehr junge Menschen;13.31%;79.19%;7.50%;;;;
Birmingham, Northfield_West Midlands;Birmingham, Northfield;40.96%;36.92%;22.12%;mehr junge Menschen;50.44%;42.75%;6.80%;;;;
Birmingham, Perry Barr_West Midlands;Birmingham, Perry Barr;44.79%;38.52%;16.68%;mehr junge Menschen;30.14%;63.32%;6.54%;;;;
Birmingham, Selly Oak_West Midlands;Birmingham, Selly Oak;48.69%;33.08%;18.23%;mehr junge Menschen;33.83%;56.03%;10.14%;;;;
Birmingham, Yardley_West Midlands;Birmingham, Yardley;44.99%;37.33%;17.68%;mehr junge Menschen;35.07%;54.78%;10.15%;;;;
Blackburn_North West;Blackburn;43.41%;38.47%;18.12%;mehr junge Menschen;30.41%;65.38%;4.21%;;;;
Blackley and Broughton_North West;Blackley and Broughton;46.02%;39.35%;14.62%;mehr junge Menschen;31.65%;61.85%;6.50%;;;;
Bolton North East_North West;Bolton North East;38.29%;38.88%;22.82%;mehr junge Menschen;49.68%;44.50%;5.82%;;;;
Bolton South East_North West;Bolton South East;41.68%;38.72%;19.60%;mehr junge Menschen;41.59%;52.99%;5.42%;;;;
Bootle_North West;Bootle;36.58%;39.71%;23.72%;mehr junge Menschen;14.48%;79.44%;6.08%;;;;
Bournemouth West_South West;Bournemouth West;39.04%;37.08%;23.89%;mehr junge Menschen;53.40%;31.32%;15.28%;;;;
Bracknell_South East;Bracknell;36.39%;42.77%;20.84%;mehr junge Menschen;59.29%;22.43%;18.29%;;;;
Bradford East_Yorkshire and The Humber;Bradford East;46.75%;38.12%;15.13%;mehr junge Menschen;28.02%;62.98%;9.00%;;;;
Bradford South_Yorkshire and The Humber;Bradford South;40.88%;39.33%;19.79%;mehr junge Menschen;47.46%;46.27%;6.26%;;;;
Bradford West_Yorkshire and The Humber;Bradford West;48.15%;37.80%;14.05%;mehr junge Menschen;18.73%;76.38%;4.89%;;;;
Brent Central_London;Brent Central;42.23%;42.02%;15.75%;mehr junge Menschen;22.20%;64.68%;13.12%;;;;
Brent North_London;Brent North;38.67%;41.71%;19.62%;mehr junge Menschen;38.33%;52.14%;9.52%;;;;
Brentford and Isleworth_London;Brentford and Isleworth;37.57%;45.29%;17.15%;mehr junge Menschen;34.15%;50.18%;15.68%;;;;
Brighton, Kemptown_South East;Brighton, Kemptown;40.23%;37.18%;22.59%;mehr junge Menschen;37.70%;51.58%;10.72%;;;;
Brighton, Pavilion_South East;Brighton, Pavilion;46.83%;38.79%;14.38%;mehr junge Menschen;19.10%;23.05%;57.85%;;;;
Bristol East_South West;Bristol East;39.83%;40.79%;19.38%;mehr junge Menschen;36.05%;53.14%;10.80%;;;;
Bristol North West_South West;Bristol North West;41.10%;36.97%;21.92%;mehr junge Menschen;38.72%;48.90%;12.38%;;;;
Bristol South_South West;Bristol South;41.55%;39.74%;18.72%;mehr junge Menschen;36.89%;50.54%;12.57%;;;;
Bristol West_South West;Bristol West;55.13%;34.20%;10.67%;mehr junge Menschen;12.83%;62.27%;24.90%;;;;
Burnley_North West;Burnley;37.13%;38.25%;24.61%;mehr junge Menschen;50.63%;38.12%;11.25%;;;;
Bury South_North West;Bury South;36.87%;40.23%;22.90%;mehr junge Menschen;48.88%;44.60%;6.52%;;;;
Camberwell and Peckham_London;Camberwell and Peckham;40.45%;46.42%;13.13%;mehr junge Menschen;13.34%;71.42%;15.24%;;;;
Cambridge_East of England;Cambridge;49.96%;33.17%;16.87%;mehr junge Menschen;17.55%;48.22%;34.23%;;;;
Canterbury_South East;Canterbury;44.91%;31.13%;23.95%;mehr junge Menschen;45.60%;48.68%;5.72%;;;;
Cardiff Central_Wales;Cardiff Central;56.54%;29.19%;14.27%;mehr junge Menschen;22.82%;61.95%;15.24%;;;;
Cardiff North_Wales;Cardiff North;38.26%;37.36%;24.38%;mehr junge Menschen;38.87%;49.68%;11.45%;;;;
Cardiff South and Penarth_Wales;Cardiff South and Penarth;41.24%;39.44%;19.32%;mehr junge Menschen;32.91%;54.14%;12.96%;;;;
Cardiff West_Wales;Cardiff West;39.14%;39.73%;21.13%;mehr junge Menschen;31.49%;51.77%;16.74%;;;;
Carshalton and Wallington_London;Carshalton and Wallington;36.77%;44.00%;19.24%;mehr junge Menschen;44.72%;12.44%;42.85%;;;;
Ceredigion_Wales;Ceredigion;36.72%;30.87%;32.40%;mehr junge Menschen;27.28%;15.75%;56.97%;;;;
Chatham and Aylesford_South East;Chatham and Aylesford;38.44%;41.00%;20.55%;mehr junge Menschen;66.91%;23.92%;9.17%;;;;
Chelsea and Fulham_London;Chelsea and Fulham;36.76%;44.65%;18.59%;mehr junge Menschen;50.40%;23.47%;26.13%;;;;
Cheltenham_South West;Cheltenham;36.47%;39.25%;24.28%;mehr junge Menschen;48.35%;4.96%;46.69%;;;;
Cities of London and Westminster_London;Cities of London and Westminster;36.92%;45.07%;18.01%;mehr junge Menschen;40.12%;27.35%;32.53%;;;;
City of Durham_North East;City of Durham;42.79%;33.73%;23.48%;mehr junge Menschen;38.39%;42.02%;19.59%;;;;
Colchester_East of England;Colchester;42.21%;39.81%;17.98%;mehr junge Menschen;50.43%;32.78%;16.79%;;;;
Coventry North East_West Midlands;Coventry North East;44.77%;39.01%;16.22%;mehr junge Menschen;40.12%;52.68%;7.20%;;;;
Coventry North West_West Midlands;Coventry North West;41.20%;38.54%;20.26%;mehr junge Menschen;47.47%;43.81%;8.71%;;;;
Coventry South_West Midlands;Coventry South;51.93%;31.20%;16.87%;mehr junge Menschen;46.12%;43.81%;10.07%;;;;
Crawley_South East;Crawley;37.92%;43.36%;18.72%;mehr junge Menschen;54.19%;37.44%;8.37%;;;;
Croydon Central_London;Croydon Central;38.85%;42.64%;18.51%;mehr junge Menschen;41.03%;50.19%;8.78%;;;;
Croydon North_London;Croydon North;40.19%;44.16%;15.66%;mehr junge Menschen;22.91%;66.04%;11.05%;;;;
Cynon Valley_Wales;Cynon Valley;36.38%;38.25%;25.37%;mehr junge Menschen;33.88%;53.93%;12.19%;;;;
Dagenham and Rainham_London;Dagenham and Rainham;42.10%;39.90%;18.01%;mehr junge Menschen;50.94%;44.95%;4.12%;;;;
Dartford_South East;Dartford;37.40%;42.90%;19.70%;mehr junge Menschen;62.95%;27.48%;9.57%;;;;
Derby North_East Midlands;Derby North;40.45%;37.68%;21.87%;mehr junge Menschen;49.95%;40.36%;9.69%;;;;
Derby South_East Midlands;Derby South;43.06%;38.92%;18.02%;mehr junge Menschen;42.75%;51.08%;6.17%;;;;
Devizes_South West;Devizes;36.88%;37.83%;25.29%;mehr junge Menschen;63.10%;15.38%;21.52%;;;;
Dewsbury_Yorkshire and The Humber;Dewsbury;37.75%;38.98%;23.27%;mehr junge Menschen;49.97%;43.85%;6.17%;;;;
Dudley North_West Midlands;Dudley North;37.35%;39.23%;23.42%;mehr junge Menschen;63.06%;31.62%;5.31%;;;;
Dulwich and West Norwood_London;Dulwich and West Norwood;38.94%;47.34%;13.72%;mehr junge Menschen;17.55%;65.85%;16.61%;;;;
Dundee West_Scotland;Dundee West;41.21%;36.59%;22.21%;mehr junge Menschen;15.53%;24.42%;60.05%;;;;
Ealing Central and Acton_London;Ealing Central and Acton;38.67%;44.65%;16.67%;mehr junge Menschen;28.27%;51.33%;20.40%;;;;
Ealing North_London;Ealing North;39.17%;41.95%;18.89%;mehr junge Menschen;31.77%;56.49%;11.74%;;;;
Ealing, Southall_London;Ealing, Southall;38.09%;43.60%;18.31%;mehr junge Menschen;25.05%;61.49%;13.46%;;;;
East Ham_London;East Ham;44.17%;44.22%;11.61%;mehr junge Menschen;17.72%;76.69%;5.59%;;;;
East Londonderry_Northern Ireland;East Londonderry;37.01%;38.82%;24.17%;mehr junge Menschen;0.00%;51.54%;48.46%;;;;
Edinburgh East_Scotland;Edinburgh East;43.47%;39.18%;17.35%;mehr junge Menschen;13.70%;26.66%;59.64%;;;;
Edinburgh South_Scotland;Edinburgh South;38.54%;38.50%;22.96%;mehr junge Menschen;16.41%;47.75%;35.84%;;;;
Edinburgh South West_Scotland;Edinburgh South West;39.60%;40.77%;19.63%;mehr junge Menschen;25.90%;14.38%;59.72%;;;;
Edmonton_London;Edmonton;43.28%;40.96%;15.76%;mehr junge Menschen;27.42%;65.11%;7.47%;;;;
Eltham_London;Eltham;37.32%;42.81%;19.86%;mehr junge Menschen;43.21%;47.04%;9.76%;;;;
Enfield North_London;Enfield North;41.37%;41.21%;17.42%;mehr junge Menschen;39.17%;51.81%;9.02%;;;;
Erith and Thamesmead_London;Erith and Thamesmead;41.71%;43.28%;15.01%;mehr junge Menschen;44.68%;48.36%;6.96%;;;;
Exeter_South West;Exeter;45.85%;34.34%;19.81%;mehr junge Menschen;37.58%;53.72%;8.70%;;;;
Feltham and Heston_London;Feltham and Heston;40.42%;42.88%;16.70%;mehr junge Menschen;39.06%;52.03%;8.91%;;;;
Fermanagh and South Tyrone_Northern Ireland;Fermanagh and South Tyrone;38.35%;39.74%;21.91%;mehr junge Menschen;0.00%;43.85%;56.15%;;;;
Filton and Bradley Stoke_South West;Filton and Bradley Stoke;39.37%;40.32%;20.31%;mehr junge Menschen;49.15%;38.60%;12.25%;;;;
Finchley and Golders Green_London;Finchley and Golders Green;37.94%;42.99%;19.07%;mehr junge Menschen;43.84%;24.22%;31.94%;;;;
Foyle_Northern Ireland;Foyle;40.24%;39.81%;19.95%;mehr junge Menschen;0.00%;13.39%;86.61%;;;;
Gateshead_North East;Gateshead;38.15%;40.26%;21.59%;mehr junge Menschen;34.74%;53.61%;11.65%;;;;
Gillingham and Rainham_South East;Gillingham and Rainham;38.21%;38.89%;22.90%;mehr junge Menschen;62.92%;29.16%;7.92%;;;;
Glasgow Central_Scotland;Glasgow Central;48.58%;39.32%;12.10%;mehr junge Menschen;9.22%;33.10%;57.68%;;;;
Glasgow East_Scotland;Glasgow East;36.74%;42.06%;21.20%;mehr junge Menschen;14.84%;33.24%;51.93%;;;;
Glasgow North_Scotland;Glasgow North;44.65%;39.17%;16.19%;mehr junge Menschen;11.40%;31.45%;57.15%;;;;
Glasgow North East_Scotland;Glasgow North East;37.96%;42.70%;19.34%;mehr junge Menschen;10.49%;39.39%;50.12%;;;;
Glasgow South West_Scotland;Glasgow South West;37.33%;42.12%;20.55%;mehr junge Menschen;13.64%;34.58%;51.78%;;;;
Gloucester_South West;Gloucester;37.52%;40.71%;21.77%;mehr junge Menschen;54.24%;35.12%;10.64%;;;;
Gravesham_South East;Gravesham;37.02%;40.27%;22.72%;mehr junge Menschen;62.20%;29.43%;8.37%;;;;
Great Grimsby_Yorkshire and The Humber;Great Grimsby;37.69%;38.94%;23.37%;mehr junge Menschen;62.34%;32.85%;4.81%;;;;
Greenwich and Woolwich_London;Greenwich and Woolwich;42.06%;45.99%;11.94%;mehr junge Menschen;24.55%;57.22%;18.23%;;;;
Guildford_South East;Guildford;43.07%;35.72%;21.21%;mehr junge Menschen;48.91%;8.39%;42.70%;;;;
Hackney North and Stoke Newington_London;Hackney North and Stoke Newington;42.10%;46.72%;11.19%;mehr junge Menschen;13.05%;70.58%;16.37%;;;;
Hackney South and Shoreditch_London;Hackney South and Shoreditch;39.95%;49.01%;11.04%;mehr junge Menschen;12.23%;73.41%;14.36%;;;;
Halifax_Yorkshire and The Humber;Halifax;37.97%;39.56%;22.47%;mehr junge Menschen;46.79%;46.27%;6.94%;;;;
Hammersmith_London;Hammersmith;40.04%;45.15%;14.80%;mehr junge Menschen;25.40%;57.87%;16.72%;;;;
Hampstead and Kilburn_London;Hampstead and Kilburn;37.98%;45.37%;16.65%;mehr junge Menschen;25.40%;48.93%;25.67%;;;;
Harlow_East of England;Harlow;37.53%;40.74%;21.73%;mehr junge Menschen;63.45%;31.02%;5.53%;;;;
Harrow East_London;Harrow East;37.45%;40.16%;22.39%;mehr junge Menschen;54.42%;37.92%;7.66%;;;;
Harrow West_London;Harrow West;38.59%;42.92%;18.49%;mehr junge Menschen;36.25%;52.44%;11.31%;;;;
Hayes and Harlington_London;Hayes and Harlington;42.07%;43.62%;14.31%;mehr junge Menschen;37.84%;56.03%;6.13%;;;;
Hendon_London;Hendon;40.90%;42.51%;16.59%;mehr junge Menschen;48.80%;41.12%;10.08%;;;;
Heywood and Middleton_North West;Heywood and Middleton;36.40%;39.41%;24.19%;mehr junge Menschen;51.39%;41.67%;6.93%;;;;
Holborn and St Pancras_London;Holborn and St Pancras;44.07%;40.39%;15.54%;mehr junge Menschen;17.51%;64.72%;17.77%;;;;
Huddersfield_Yorkshire and The Humber;Huddersfield;41.49%;37.67%;20.84%;mehr junge Menschen;41.16%;48.97%;9.87%;;;;
Hyndburn_North West;Hyndburn;37.38%;38.79%;23.82%;mehr junge Menschen;53.58%;41.54%;4.88%;;;;
Ilford North_London;Ilford North;38.87%;42.11%;19.01%;mehr junge Menschen;42.20%;50.73%;7.06%;;;;
Ilford South_London;Ilford South;44.26%;41.65%;14.09%;mehr junge Menschen;24.18%;70.76%;5.06%;;;;
Ipswich_East of England;Ipswich;37.95%;40.55%;21.51%;mehr junge Menschen;53.22%;39.28%;7.51%;;;;
Islington North_London;Islington North;43.55%;43.76%;12.69%;mehr junge Menschen;11.62%;64.60%;23.78%;;;;
Islington South and Finsbury_London;Islington South and Finsbury;46.35%;41.65%;12.00%;mehr junge Menschen;19.27%;56.47%;24.26%;;;;
Kingston and Surbiton_London;Kingston and Surbiton;37.65%;43.52%;18.83%;mehr junge Menschen;35.63%;10.87%;53.51%;;;;
Kingston upon Hull East_Yorkshire and The Humber;Kingston upon Hull East;38.06%;38.54%;23.40%;mehr junge Menschen;53.13%;39.19%;7.68%;;;;
Kingston upon Hull North_Yorkshire and The Humber;Kingston upon Hull North;45.48%;37.23%;17.28%;mehr junge Menschen;41.55%;49.80%;8.65%;;;;
Kingston upon Hull West and Hessle_Yorkshire and The Humber;Kingston upon Hull West and Hessle;37.63%;40.37%;22.00%;mehr junge Menschen;51.56%;42.68%;5.76%;;;;
Knowsley_North West;Knowsley;38.30%;38.18%;23.52%;mehr junge Menschen;14.27%;81.37%;4.36%;;;;
Lancaster and Fleetwood_North West;Lancaster and Fleetwood;42.88%;32.86%;24.26%;mehr junge Menschen;45.60%;46.85%;7.55%;;;;
Leeds Central_Yorkshire and The Humber;Leeds Central;56.18%;32.87%;10.95%;mehr junge Menschen;28.86%;62.06%;9.08%;;;;
Leeds East_Yorkshire and The Humber;Leeds East;43.43%;37.22%;19.35%;mehr junge Menschen;43.31%;49.84%;6.85%;;;;
Leeds North East_Yorkshire and The Humber;Leeds North East;37.89%;40.43%;21.68%;mehr junge Menschen;27.23%;57.67%;15.09%;;;;
Leeds North West_Yorkshire and The Humber;Leeds North West;47.42%;30.78%;21.80%;mehr junge Menschen;29.47%;48.64%;21.89%;;;;
Leeds West_Yorkshire and The Humber;Leeds West;42.86%;39.07%;18.07%;mehr junge Menschen;36.17%;56.09%;7.74%;;;;
Leicester East_East Midlands;Leicester East;42.11%;37.88%;20.02%;mehr junge Menschen;41.38%;51.11%;7.51%;;;;
Leicester South_East Midlands;Leicester South;52.56%;32.77%;14.66%;mehr junge Menschen;24.16%;67.01%;8.82%;;;;
Leicester West_East Midlands;Leicester West;47.36%;37.22%;15.43%;mehr junge Menschen;42.27%;49.72%;8.01%;;;;
Lewisham East_London;Lewisham East;38.02%;46.43%;15.55%;mehr junge Menschen;24.58%;60.19%;15.23%;;;;
Lewisham West and Penge_London;Lewisham West and Penge;36.60%;48.46%;14.95%;mehr junge Menschen;21.93%;61.40%;16.67%;;;;
Lewisham, Deptford_London;Lewisham, Deptford;41.36%;47.44%;11.20%;mehr junge Menschen;12.86%;71.09%;16.06%;;;;
Leyton and Wanstead_London;Leyton and Wanstead;39.34%;46.00%;14.66%;mehr junge Menschen;19.98%;65.36%;14.67%;;;;
Lincoln_East Midlands;Lincoln;44.12%;35.16%;20.71%;mehr junge Menschen;50.98%;41.74%;7.28%;;;;
Liverpool, Riverside_North West;Liverpool, Riverside;53.84%;32.53%;13.63%;mehr junge Menschen;11.19%;77.99%;10.82%;;;;
Liverpool, Walton_North West;Liverpool, Walton;38.33%;40.33%;21.35%;mehr junge Menschen;10.01%;86.07%;3.91%;;;;
Liverpool, Wavertree_North West;Liverpool, Wavertree;41.47%;38.49%;20.04%;mehr junge Menschen;14.33%;73.02%;12.64%;;;;
Liverpool, West Derby_North West;Liverpool, West Derby;37.68%;40.09%;22.23%;mehr junge Menschen;14.57%;80.92%;4.51%;;;;
Loughborough_East Midlands;Loughborough;43.60%;35.00%;21.40%;mehr junge Menschen;51.39%;38.21%;10.40%;;;;
Luton North_East of England;Luton North;40.39%;39.73%;19.88%;mehr junge Menschen;37.00%;56.22%;6.78%;;;;
Luton South_East of England;Luton South;43.00%;41.63%;15.37%;mehr junge Menschen;39.11%;58.23%;2.66%;;;;
Manchester Central_North West;Manchester Central;58.03%;32.74%;9.23%;mehr junge Menschen;19.30%;70.57%;10.14%;;;;
Manchester, Gorton_North West;Manchester, Gorton;51.28%;37.12%;11.60%;mehr junge Menschen;13.06%;77.64%;9.31%;;;;
Manchester, Withington_North West;Manchester, Withington;45.81%;39.58%;14.61%;mehr junge Menschen;13.45%;67.75%;18.80%;;;;
Mid Ulster_Northern Ireland;Mid Ulster;40.56%;39.61%;19.83%;mehr junge Menschen;0.00%;30.84%;69.16%;;;;
Middlesbrough_North East;Middlesbrough;44.36%;36.16%;19.48%;mehr junge Menschen;37.16%;58.23%;4.61%;;;;
Milton Keynes North_South East;Milton Keynes North;37.61%;42.76%;19.63%;mehr junge Menschen;49.47%;39.47%;11.07%;;;;
Milton Keynes South_South East;Milton Keynes South;38.40%;42.64%;18.96%;mehr junge Menschen;50.60%;39.62%;9.77%;;;;
Mitcham and Morden_London;Mitcham and Morden;38.13%;45.39%;16.48%;mehr junge Menschen;27.86%;61.43%;10.71%;;;;
Newcastle upon Tyne Central_North East;Newcastle upon Tyne Central;49.04%;34.91%;16.06%;mehr junge Menschen;31.57%;57.55%;10.87%;;;;
Newcastle upon Tyne East_North East;Newcastle upon Tyne East;53.54%;30.23%;16.24%;mehr junge Menschen;24.41%;60.07%;15.52%;;;;
Newcastle-under-Lyme_West Midlands;Newcastle-under-Lyme;38.19%;37.15%;24.66%;mehr junge Menschen;56.79%;35.85%;7.36%;;;;
Newport East_Wales;Newport East;38.09%;39.49%;22.41%;mehr junge Menschen;45.72%;44.44%;9.84%;;;;
Newry and Armagh_Northern Ireland;Newry and Armagh;40.69%;38.98%;20.34%;mehr junge Menschen;0.00%;30.93%;69.07%;;;;
Northampton North_East Midlands;Northampton North;37.89%;39.16%;22.95%;mehr junge Menschen;53.19%;39.26%;7.55%;;;;
Northampton South_East Midlands;Northampton South;39.69%;41.12%;19.19%;mehr junge Menschen;51.22%;39.71%;9.07%;;;;
Norwich South_East of England;Norwich South;44.92%;34.32%;20.76%;mehr junge Menschen;32.25%;53.73%;14.02%;;;;
Nottingham East_East Midlands;Nottingham East;51.48%;35.18%;13.34%;mehr junge Menschen;25.12%;66.75%;8.14%;;;;
Nottingham North_East Midlands;Nottingham North;43.35%;37.41%;19.25%;mehr junge Menschen;43.98%;49.09%;6.94%;;;;
Nottingham South_East Midlands;Nottingham South;55.83%;29.27%;14.90%;mehr junge Menschen;33.30%;55.23%;11.46%;;;;
Oldham East and Saddleworth_North West;Oldham East and Saddleworth;39.50%;38.50%;22.00%;mehr junge Menschen;48.08%;44.78%;7.14%;;;;
Oldham West and Royton_North West;Oldham West and Royton;41.97%;38.32%;19.72%;mehr junge Menschen;38.54%;56.49%;4.98%;;;;
Oxford East_South East;Oxford East;52.94%;31.78%;15.28%;mehr junge Menschen;23.43%;57.58%;18.98%;;;;
Oxford West and Abingdon_South East;Oxford West and Abingdon;36.67%;37.96%;25.37%;mehr junge Menschen;39.48%;7.24%;53.28%;;;;
Pendle_North West;Pendle;36.72%;38.74%;24.55%;mehr junge Menschen;54.48%;40.48%;5.04%;;;;
Peterborough_East of England;Peterborough;39.48%;40.49%;20.03%;mehr junge Menschen;51.74%;41.78%;6.48%;;;;
Plymouth, Sutton and Devonport_South West;Plymouth, Sutton and Devonport;44.14%;36.78%;19.08%;mehr junge Menschen;44.41%;47.88%;7.71%;;;;
Poplar and Limehouse_London;Poplar and Limehouse;44.63%;46.53%;8.83%;mehr junge Menschen;18.47%;63.48%;18.05%;;;;
Portsmouth North_South East;Portsmouth North;38.32%;39.80%;21.88%;mehr junge Menschen;62.21%;27.36%;10.43%;;;;
Portsmouth South_South East;Portsmouth South;49.08%;34.82%;16.10%;mehr junge Menschen;39.63%;48.89%;11.48%;;;;
Preston_North West;Preston;46.85%;36.90%;16.25%;mehr junge Menschen;31.14%;61.76%;7.09%;;;;
Putney_London;Putney;38.70%;46.42%;14.88%;mehr junge Menschen;35.68%;45.14%;19.18%;;;;
Reading East_South East;Reading East;43.08%;39.84%;17.08%;mehr junge Menschen;39.54%;48.64%;11.82%;;;;
Reading West_South East;Reading West;37.84%;41.10%;21.06%;mehr junge Menschen;48.41%;40.24%;11.36%;;;;
Rochdale_North West;Rochdale;41.25%;38.95%;19.80%;mehr junge Menschen;39.36%;51.58%;9.06%;;;;
Rochester and Strood_South East;Rochester and Strood;37.67%;40.48%;21.85%;mehr junge Menschen;61.98%;28.01%;10.01%;;;;
Romford_London;Romford;37.55%;40.41%;22.04%;mehr junge Menschen;64.56%;26.68%;8.76%;;;;
Romsey and Southampton North_South East;Romsey and Southampton North;37.13%;35.45%;27.41%;mehr junge Menschen;54.90%;11.62%;33.48%;;;;
Rotherham_Yorkshire and The Humber;Rotherham;38.25%;38.93%;22.82%;mehr junge Menschen;51.32%;42.63%;6.05%;;;;
Runnymede and Weybridge_South East;Runnymede and Weybridge;38.71%;38.91%;22.38%;mehr junge Menschen;56.97%;21.40%;21.63%;;;;
Salford and Eccles_North West;Salford and Eccles;42.36%;40.37%;17.27%;mehr junge Menschen;33.02%;56.79%;10.19%;;;;
Sheffield Central_Yorkshire and The Humber;Sheffield Central;59.42%;29.51%;11.07%;mehr junge Menschen;17.18%;67.34%;15.48%;;;;
Sheffield South East_Yorkshire and The Humber;Sheffield South East;36.59%;39.05%;24.36%;mehr junge Menschen;47.64%;47.18%;5.18%;;;;
Sheffield, Brightside and Hillsborough_Yorkshire and The Humber;Sheffield, Brightside and Hillsborough;43.03%;38.44%;18.53%;mehr junge Menschen;35.76%;57.33%;6.91%;;;;
Sheffield, Hallam_Yorkshire and The Humber;Sheffield, Hallam;37.19%;36.06%;26.75%;mehr junge Menschen;28.73%;34.83%;36.45%;;;;
Sheffield, Heeley_Yorkshire and The Humber;Sheffield, Heeley;36.55%;39.92%;23.53%;mehr junge Menschen;38.63%;50.30%;11.07%;;;;
Sittingbourne and Sheppey_South East;Sittingbourne and Sheppey;37.36%;38.44%;24.21%;mehr junge Menschen;70.32%;20.77%;8.91%;;;;
Slough_South East;Slough;42.27%;43.29%;14.44%;mehr junge Menschen;33.73%;57.65%;8.63%;;;;
South Antrim_Northern Ireland;South Antrim;37.86%;40.63%;21.51%;mehr junge Menschen;0.00%;64.25%;35.75%;;;;
South Basildon and East Thurrock_East of England;South Basildon and East Thurrock;36.97%;39.73%;23.30%;mehr junge Menschen;71.40%;23.94%;4.66%;;;;
South Down_Northern Ireland;South Down;38.78%;39.39%;21.83%;mehr junge Menschen;0.00%;22.53%;77.47%;;;;
Southampton, Itchen_South East;Southampton, Itchen;44.82%;36.12%;19.07%;mehr junge Menschen;51.02%;41.44%;7.55%;;;;
Southampton, Test_South East;Southampton, Test;46.61%;36.72%;16.67%;mehr junge Menschen;39.39%;49.71%;10.90%;;;;
Stevenage_East of England;Stevenage;36.52%;41.62%;21.86%;mehr junge Menschen;53.12%;35.16%;11.72%;;;;
Stockport_North West;Stockport;37.47%;42.50%;20.04%;mehr junge Menschen;32.54%;52.01%;15.45%;;;;
Stoke-on-Trent Central_West Midlands;Stoke-on-Trent Central;41.68%;38.07%;20.25%;mehr junge Menschen;50.66%;43.30%;6.03%;;;;
Stoke-on-Trent North_West Midlands;Stoke-on-Trent North;37.81%;38.50%;23.69%;mehr junge Menschen;58.65%;36.89%;4.46%;;;;
Stoke-on-Trent South_West Midlands;Stoke-on-Trent South;36.61%;37.87%;25.51%;mehr junge Menschen;62.20%;33.74%;4.07%;;;;
Streatham_London;Streatham;39.59%;48.27%;12.13%;mehr junge Menschen;17.14%;54.81%;28.05%;;;;
Stretford and Urmston_North West;Stretford and Urmston;36.81%;41.76%;21.43%;mehr junge Menschen;31.05%;60.31%;8.64%;;;;
Sunderland Central_North East;Sunderland Central;36.42%;38.23%;25.35%;mehr junge Menschen;47.49%;42.65%;9.86%;;;;
Swansea East_Wales;Swansea East;38.73%;38.55%;22.72%;mehr junge Menschen;36.56%;51.83%;11.61%;;;;
Swansea West_Wales;Swansea West;43.46%;33.43%;23.12%;mehr junge Menschen;34.50%;51.61%;13.89%;;;;
Telford_West Midlands;Telford;38.36%;40.35%;21.29%;mehr junge Menschen;59.65%;34.10%;6.24%;;;;
Thurrock_East of England;Thurrock;40.83%;43.26%;15.91%;mehr junge Menschen;59.87%;35.14%;4.99%;;;;
Tooting_London;Tooting;40.38%;46.75%;12.87%;mehr junge Menschen;29.05%;52.76%;18.18%;;;;
Tottenham_London;Tottenham;41.86%;45.18%;12.96%;mehr junge Menschen;12.81%;76.38%;10.81%;;;;
Upper Bann_Northern Ireland;Upper Bann;39.07%;40.63%;20.30%;mehr junge Menschen;0.00%;53.35%;46.65%;;;;
Uxbridge and South Ruislip_London;Uxbridge and South Ruislip;42.71%;39.81%;17.49%;mehr junge Menschen;53.25%;38.10%;8.65%;;;;
Vauxhall_London;Vauxhall;43.02%;45.20%;11.79%;mehr junge Menschen;17.91%;56.26%;25.84%;;;;
Walsall North_West Midlands;Walsall North;40.10%;38.46%;21.44%;mehr junge Menschen;63.83%;31.10%;5.07%;;;;
Walsall South_West Midlands;Walsall South;42.55%;38.52%;18.93%;mehr junge Menschen;45.22%;49.48%;5.30%;;;;
Walthamstow_London;Walthamstow;40.34%;47.10%;12.56%;mehr junge Menschen;13.91%;76.50%;9.58%;;;;
Warley_West Midlands;Warley;42.18%;40.31%;17.52%;mehr junge Menschen;34.53%;58.81%;6.66%;;;;
Warwick and Leamington_West Midlands;Warwick and Leamington;40.23%;38.22%;21.55%;mehr junge Menschen;43.97%;43.93%;12.10%;;;;
Watford_East of England;Watford;37.56%;43.28%;19.16%;mehr junge Menschen;45.76%;38.09%;16.15%;;;;
Welwyn Hatfield_East of England;Welwyn Hatfield;42.47%;37.78%;19.75%;mehr junge Menschen;52.63%;31.58%;15.79%;;;;
West Bromwich East_West Midlands;West Bromwich East;38.86%;39.72%;21.42%;mehr junge Menschen;51.59%;42.93%;5.48%;;;;
West Bromwich West_West Midlands;West Bromwich West;40.07%;40.38%;19.55%;mehr junge Menschen;55.89%;39.53%;4.58%;;;;
West Ham_London;West Ham;45.05%;43.98%;10.97%;mehr junge Menschen;19.25%;70.78%;9.97%;;;;
West Lancashire_North West;West Lancashire;37.01%;35.55%;27.44%;mehr junge Menschen;40.63%;52.14%;7.23%;;;;
West Suffolk_East of England;West Suffolk;36.69%;38.23%;25.09%;mehr junge Menschen;65.79%;20.70%;13.51%;;;;
West Tyrone_Northern Ireland;West Tyrone;38.36%;39.66%;21.98%;mehr junge Menschen;0.00%;29.44%;70.56%;;;;
Westminster North_London;Westminster North;38.15%;45.82%;16.03%;mehr junge Menschen;30.14%;54.30%;15.56%;;;;
Wolverhampton North East_West Midlands;Wolverhampton North East;39.86%;39.41%;20.74%;mehr junge Menschen;55.65%;39.79%;4.56%;;;;
Wolverhampton South East_West Midlands;Wolverhampton South East;39.53%;39.11%;21.36%;mehr junge Menschen;48.98%;46.41%;4.60%;;;;
Wolverhampton South West_West Midlands;Wolverhampton South West;36.79%;39.68%;23.53%;mehr junge Menschen;50.79%;44.25%;4.96%;;;;
Worcester_West Midlands;Worcester;38.80%;38.64%;22.56%;mehr junge Menschen;51.39%;37.96%;10.65%;;;;
Worsley and Eccles South_North West;Worsley and Eccles South;38.18%;40.19%;21.64%;mehr junge Menschen;45.74%;45.73%;8.52%;;;;
Wycombe_South East;Wycombe;38.81%;40.97%;20.22%;mehr junge Menschen;46.45%;38.55%;15.00%;;;;
Wythenshawe and Sale East_North West;Wythenshawe and Sale East;38.17%;41.90%;19.93%;mehr junge Menschen;36.19%;53.37%;10.45%;;;;
York Central_Yorkshire and The Humber;York Central;45.88%;36.21%;17.91%;mehr junge Menschen;31.23%;55.95%;12.82%;;;;
Aberavon_Wales;Aberavon;34.57%;39.46%;25.97%;weniger junge Menschen;31.19%;55.10%;13.71%;;;;
Aberconwy_Wales;Aberconwy;28.90%;36.62%;34.48%;weniger junge Menschen;46.09%;39.71%;14.20%;;;;
Aberdeen South_Scotland;Aberdeen South;33.66%;44.51%;21.83%;weniger junge Menschen;35.93%;8.40%;55.67%;;;;
Airdrie and Shotts_Scotland;Airdrie and Shotts;35.12%;41.57%;23.31%;weniger junge Menschen;17.63%;32.00%;50.37%;;;;
Aldershot_South East;Aldershot;36.04%;43.51%;20.46%;weniger junge Menschen;58.37%;23.54%;18.09%;;;;
Aldridge-Brownhills_West Midlands;Aldridge-Brownhills;32.28%;38.33%;29.39%;weniger junge Menschen;71.40%;20.55%;8.06%;;;;
Altrincham and Sale West_North West;Altrincham and Sale West;34.42%;41.29%;24.29%;weniger junge Menschen;48.65%;37.30%;14.06%;;;;
Alyn and Deeside_Wales;Alyn and Deeside;34.69%;40.32%;24.98%;weniger junge Menschen;48.21%;42.48%;9.30%;;;;
Amber Valley_East Midlands;Amber Valley;32.19%;39.73%;28.08%;weniger junge Menschen;63.85%;26.80%;9.35%;;;;
Angus_Scotland;Angus;31.30%;38.64%;30.06%;weniger junge Menschen;40.35%;4.75%;54.89%;;;;
Argyll and Bute_Scotland;Argyll and Bute;29.36%;37.12%;33.52%;weniger junge Menschen;35.23%;6.76%;58.01%;;;;
Arundel and South Downs_South East;Arundel and South Downs;27.94%;36.86%;35.20%;weniger junge Menschen;58.45%;15.98%;25.58%;;;;
Ashfield_East Midlands;Ashfield;34.23%;39.44%;26.33%;weniger junge Menschen;61.25%;33.74%;5.01%;;;;
Ashford_South East;Ashford;35.84%;39.65%;24.52%;weniger junge Menschen;62.96%;22.37%;14.67%;;;;
Ayr, Carrick and Cumnock_Scotland;Ayr, Carrick and Cumnock;31.16%;37.34%;31.50%;weniger junge Menschen;38.51%;13.35%;48.14%;;;;
Banbury_South East;Banbury;35.02%;42.14%;22.85%;weniger junge Menschen;54.27%;27.55%;18.18%;;;;
Banff and Buchan_Scotland;Banff and Buchan;32.70%;40.01%;27.29%;weniger junge Menschen;50.12%;4.10%;45.77%;;;;
Barnsley Central_Yorkshire and The Humber;Barnsley Central;34.78%;40.70%;24.52%;weniger junge Menschen;53.12%;41.12%;5.77%;;;;
Barnsley East_Yorkshire and The Humber;Barnsley East;35.37%;39.12%;25.51%;weniger junge Menschen;56.45%;37.64%;5.92%;;;;
Barrow and Furness_North West;Barrow and Furness;32.06%;38.39%;29.56%;weniger junge Menschen;54.80%;39.28%;5.92%;;;;
Bassetlaw_East Midlands;Bassetlaw;32.85%;38.77%;28.38%;weniger junge Menschen;65.78%;27.66%;6.55%;;;;
Beaconsfield_South East;Beaconsfield;31.92%;39.75%;28.33%;weniger junge Menschen;80.66%;14.29%;5.05%;;;;
Beckenham_London;Beckenham;33.40%;42.36%;24.25%;weniger junge Menschen;53.96%;25.76%;20.27%;;;;
Belfast East_Northern Ireland;Belfast East;35.21%;42.19%;22.59%;weniger junge Menschen;0.00%;55.11%;44.89%;;;;
Berwickshire, Roxburgh and Selkirk_Scotland;Berwickshire, Roxburgh and Selkirk;29.70%;37.48%;32.82%;weniger junge Menschen;48.45%;4.73%;46.83%;;;;
Berwick-upon-Tweed_North East;Berwick-upon-Tweed;25.60%;37.07%;36.52%;weniger junge Menschen;56.87%;21.64%;21.49%;;;;
Beverley and Holderness_Yorkshire and The Humber;Beverley and Holderness;27.91%;37.39%;34.70%;weniger junge Menschen;63.82%;24.57%;11.61%;;;;
Bexhill and Battle_South East;Bexhill and Battle;27.86%;34.50%;37.64%;weniger junge Menschen;63.61%;19.51%;16.88%;;;;
Bishop Auckland_North East;Bishop Auckland;32.37%;37.99%;29.64%;weniger junge Menschen;59.29%;35.94%;4.76%;;;;
Blackpool North and Cleveleys_North West;Blackpool North and Cleveleys;31.99%;37.73%;30.28%;weniger junge Menschen;58.30%;35.89%;5.81%;;;;
Blackpool South_North West;Blackpool South;35.80%;38.53%;25.66%;weniger junge Menschen;56.37%;38.78%;4.85%;;;;
Blaenau Gwent_Wales;Blaenau Gwent;33.97%;39.70%;26.33%;weniger junge Menschen;39.59%;49.18%;11.23%;;;;
Blaydon_North East;Blaydon;30.51%;39.73%;29.76%;weniger junge Menschen;44.79%;44.11%;11.10%;;;;
Blyth Valley_North East;Blyth Valley;32.61%;38.87%;28.52%;weniger junge Menschen;50.99%;40.94%;8.07%;;;;
Bognor Regis and Littlehampton_South East;Bognor Regis and Littlehampton;30.96%;36.74%;32.30%;weniger junge Menschen;65.03%;20.03%;14.94%;;;;
Bolsover_East Midlands;Bolsover;33.22%;39.93%;26.84%;weniger junge Menschen;57.71%;36.69%;5.60%;;;;
Bolton West_North West;Bolton West;34.02%;40.13%;25.85%;weniger junge Menschen;55.29%;37.32%;7.39%;;;;
Boston and Skegness_East Midlands;Boston and Skegness;32.31%;37.37%;30.33%;weniger junge Menschen;79.38%;15.75%;4.87%;;;;
Bosworth_East Midlands;Bosworth;32.16%;39.79%;28.05%;weniger junge Menschen;63.89%;17.33%;18.78%;;;;
Bournemouth East_South West;Bournemouth East;35.04%;41.37%;23.59%;weniger junge Menschen;51.38%;33.23%;15.39%;;;;
Braintree_East of England;Braintree;33.19%;40.00%;26.81%;weniger junge Menschen;70.58%;19.53%;9.89%;;;;
Brecon and Radnorshire_Wales;Brecon and Radnorshire;28.12%;35.17%;36.71%;weniger junge Menschen;53.91%;9.68%;36.40%;;;;
Brentwood and Ongar_East of England;Brentwood and Ongar;33.20%;40.00%;26.80%;weniger junge Menschen;69.27%;13.82%;16.91%;;;;
Bridgend_Wales;Bridgend;33.31%;39.76%;26.93%;weniger junge Menschen;47.36%;40.34%;12.30%;;;;
Bridgwater and West Somerset_South West;Bridgwater and West Somerset;31.26%;36.50%;32.24%;weniger junge Menschen;62.97%;20.02%;17.02%;;;;
Brigg and Goole_Yorkshire and The Humber;Brigg and Goole;30.89%;38.94%;30.17%;weniger junge Menschen;71.29%;20.74%;7.97%;;;;
Broadland_East of England;Broadland;29.18%;37.98%;32.83%;weniger junge Menschen;59.94%;21.33%;18.74%;;;;
Bromley and Chislehurst_London;Bromley and Chislehurst;35.57%;43.15%;21.27%;weniger junge Menschen;53.01%;28.91%;18.07%;;;;
Bromsgrove_West Midlands;Bromsgrove;31.88%;39.47%;28.65%;weniger junge Menschen;63.40%;20.82%;15.78%;;;;
Broxbourne_East of England;Broxbourne;35.92%;40.30%;23.77%;weniger junge Menschen;65.58%;23.17%;11.24%;;;;
Broxtowe_East Midlands;Broxtowe;33.79%;39.71%;26.49%;weniger junge Menschen;53.55%;42.82%;3.64%;;;;
Buckingham_South East;Buckingham;32.68%;39.72%;27.60%;weniger junge Menschen;61.23%;12.20%;26.56%;;;;
Burton_West Midlands;Burton;35.81%;39.94%;24.25%;weniger junge Menschen;60.65%;30.91%;8.44%;;;;
Bury North_North West;Bury North;35.74%;39.53%;24.73%;weniger junge Menschen;48.89%;46.02%;5.09%;;;;
Bury St Edmunds_East of England;Bury St Edmunds;31.77%;38.80%;29.43%;weniger junge Menschen;62.68%;21.21%;16.11%;;;;
Caerphilly_Wales;Caerphilly;35.34%;39.67%;24.99%;weniger junge Menschen;39.07%;44.91%;16.01%;;;;
Caithness, Sutherland and Easter Ross_Scotland;Caithness, Sutherland and Easter Ross;30.24%;37.57%;32.18%;weniger junge Menschen;20.08%;6.15%;73.77%;;;;
Calder Valley_Yorkshire and The Humber;Calder Valley;31.75%;40.98%;27.27%;weniger junge Menschen;52.53%;42.41%;5.05%;;;;
Camborne and Redruth_South West;Camborne and Redruth;33.73%;37.15%;29.12%;weniger junge Menschen;53.86%;36.35%;9.79%;;;;
Cannock Chase_West Midlands;Cannock Chase;33.90%;41.01%;25.08%;weniger junge Menschen;68.31%;25.39%;6.30%;;;;
Carlisle_North West;Carlisle;34.06%;38.71%;27.23%;weniger junge Menschen;56.56%;36.67%;6.76%;;;;
Carmarthen East and Dinefwr_Wales;Carmarthen East and Dinefwr;29.65%;36.59%;33.76%;weniger junge Menschen;40.10%;21.03%;38.87%;;;;
Carmarthen West and Pembrokeshire South_Wales;Carmarthen West and Pembrokeshire South;31.10%;35.98%;32.92%;weniger junge Menschen;#N/A;#N/A;#N/A;;;;
Castle Point_East of England;Castle Point;31.83%;36.53%;31.63%;weniger junge Menschen;76.72%;16.57%;6.71%;;;;
Central Ayrshire_Scotland;Central Ayrshire;31.35%;38.26%;30.39%;weniger junge Menschen;34.77%;14.15%;51.08%;;;;
Central Devon_South West;Central Devon;29.07%;37.91%;33.02%;weniger junge Menschen;55.27%;24.75%;19.98%;;;;
Central Suffolk and North Ipswich_East of England;Central Suffolk and North Ipswich;31.16%;37.89%;30.95%;weniger junge Menschen;62.67%;21.09%;16.24%;;;;
Charnwood_East Midlands;Charnwood;33.45%;39.12%;27.43%;weniger junge Menschen;63.44%;22.98%;13.58%;;;;
Cheadle_North West;Cheadle;32.28%;39.06%;28.66%;weniger junge Menschen;45.96%;12.26%;41.78%;;;;
Chelmsford_East of England;Chelmsford;36.22%;41.61%;22.17%;weniger junge Menschen;56.48%;18.21%;25.31%;;;;
Chesham and Amersham_South East;Chesham and Amersham;33.03%;39.22%;27.75%;weniger junge Menschen;55.40%;12.87%;31.73%;;;;
Chesterfield_East Midlands;Chesterfield;32.40%;39.85%;27.75%;weniger junge Menschen;47.98%;40.56%;11.46%;;;;
Chichester_South East;Chichester;30.67%;35.21%;34.11%;weniger junge Menschen;58.12%;14.89%;26.99%;;;;
Chingford and Woodford Green_London;Chingford and Woodford Green;35.66%;41.84%;22.50%;weniger junge Menschen;48.47%;45.87%;5.66%;;;;
Chippenham_South West;Chippenham;31.58%;40.54%;27.88%;weniger junge Menschen;54.28%;11.21%;34.51%;;;;
Chipping Barnet_London;Chipping Barnet;35.00%;42.60%;22.41%;weniger junge Menschen;44.78%;42.67%;12.56%;;;;
Chorley_North West;Chorley;33.36%;41.04%;25.60%;weniger junge Menschen;0.00%;0.00%;100.00%;;;;
Christchurch_South West;Christchurch;25.64%;32.88%;41.48%;weniger junge Menschen;65.24%;12.64%;22.12%;;;;
City of Chester_North West;City of Chester;35.84%;38.42%;25.74%;weniger junge Menschen;40.88%;49.64%;9.48%;;;;
Clacton_East of England;Clacton;28.53%;31.58%;39.89%;weniger junge Menschen;74.96%;16.06%;8.98%;;;;
Cleethorpes_Yorkshire and The Humber;Cleethorpes;31.09%;38.32%;30.59%;weniger junge Menschen;68.99%;22.77%;8.24%;;;;
Clwyd South_Wales;Clwyd South;34.05%;39.06%;26.89%;weniger junge Menschen;48.72%;41.27%;10.01%;;;;
Clwyd West_Wales;Clwyd West;29.63%;35.58%;34.79%;weniger junge Menschen;50.75%;33.97%;15.28%;;;;
Coatbridge, Chryston and Bellshill_Scotland;Coatbridge, Chryston and Bellshill;35.20%;41.60%;23.20%;weniger junge Menschen;12.68%;35.37%;51.95%;;;;
Colne Valley_Yorkshire and The Humber;Colne Valley;33.87%;40.35%;25.78%;weniger junge Menschen;51.24%;40.62%;8.14%;;;;
Congleton_North West;Congleton;29.99%;38.54%;31.47%;weniger junge Menschen;59.65%;26.84%;13.51%;;;;
Copeland_North West;Copeland;30.28%;38.70%;31.02%;weniger junge Menschen;53.75%;40.01%;6.24%;;;;
Corby_East Midlands;Corby;35.56%;41.04%;23.40%;weniger junge Menschen;55.25%;38.27%;6.49%;;;;
Crewe and Nantwich_North West;Crewe and Nantwich;35.08%;39.68%;25.24%;weniger junge Menschen;55.85%;37.48%;6.67%;;;;
Croydon South_London;Croydon South;35.07%;41.71%;23.22%;weniger junge Menschen;52.59%;31.65%;15.76%;;;;
Cumbernauld, Kilsyth and Kirkintilloch East_Scotland;Cumbernauld, Kilsyth and Kirkintilloch East;34.84%;39.97%;25.20%;weniger junge Menschen;16.15%;24.48%;59.37%;;;;
Darlington_North East;Darlington;34.56%;39.46%;25.98%;weniger junge Menschen;51.95%;40.75%;7.30%;;;;
Daventry_East Midlands;Daventry;32.49%;39.77%;27.74%;weniger junge Menschen;64.55%;19.12%;16.33%;;;;
Delyn_Wales;Delyn;32.25%;37.77%;29.98%;weniger junge Menschen;48.81%;41.42%;9.78%;;;;
Denton and Reddish_North West;Denton and Reddish;35.43%;40.92%;23.65%;weniger junge Menschen;42.29%;50.48%;7.23%;;;;
Derbyshire Dales_East Midlands;Derbyshire Dales;27.53%;37.64%;34.83%;weniger junge Menschen;58.69%;23.94%;17.36%;;;;
Don Valley_Yorkshire and The Humber;Don Valley;33.36%;38.81%;27.83%;weniger junge Menschen;57.95%;35.82%;6.23%;;;;
Doncaster Central_Yorkshire and The Humber;Doncaster Central;36.26%;40.67%;23.08%;weniger junge Menschen;52.26%;41.01%;6.73%;;;;
Doncaster North_Yorkshire and The Humber;Doncaster North;35.97%;38.86%;25.17%;weniger junge Menschen;55.72%;40.48%;3.80%;;;;
Dover_South East;Dover;32.51%;37.72%;29.77%;weniger junge Menschen;58.07%;33.34%;8.59%;;;;
Dudley South_West Midlands;Dudley South;35.52%;38.36%;26.13%;weniger junge Menschen;67.90%;25.34%;6.76%;;;;
Dumfries and Galloway_Scotland;Dumfries and Galloway;29.78%;37.16%;33.06%;weniger junge Menschen;44.10%;9.23%;46.68%;;;;
Dumfriesshire, Clydesdale and Tweeddale_Scotland;Dumfriesshire, Clydesdale and Tweeddale;29.05%;37.95%;33.01%;weniger junge Menschen;46.00%;8.49%;45.51%;;;;
Dundee East_Scotland;Dundee East;34.37%;38.31%;27.32%;weniger junge Menschen;24.43%;13.44%;62.12%;;;;
Dunfermline and West Fife_Scotland;Dunfermline and West Fife;33.42%;41.80%;24.79%;weniger junge Menschen;20.95%;24.36%;54.69%;;;;
Dwyfor Meirionnydd_Wales;Dwyfor Meirionnydd;30.74%;34.16%;35.10%;weniger junge Menschen;38.37%;13.36%;48.27%;;;;
Easington_North East;Easington;34.47%;38.70%;26.83%;weniger junge Menschen;47.94%;47.45%;4.61%;;;;
East Antrim_Northern Ireland;East Antrim;34.97%;39.49%;25.54%;weniger junge Menschen;2.80%;59.97%;37.23%;;;;
East Devon_South West;East Devon;30.00%;35.49%;34.51%;weniger junge Menschen;85.89%;7.57%;6.54%;;;;
East Dunbartonshire_Scotland;East Dunbartonshire;31.82%;37.41%;30.77%;weniger junge Menschen;14.23%;9.23%;76.54%;;;;
East Hampshire_South East;East Hampshire;31.96%;38.58%;29.46%;weniger junge Menschen;59.64%;11.21%;29.15%;;;;
East Kilbride, Strathaven and Lesmahagow_Scotland;East Kilbride, Strathaven and Lesmahagow;33.22%;40.56%;26.21%;weniger junge Menschen;21.44%;22.93%;55.62%;;;;
East Lothian_Scotland;East Lothian;33.11%;39.90%;26.99%;weniger junge Menschen;26.75%;29.77%;43.48%;;;;
East Renfrewshire_Scotland;East Renfrewshire;35.21%;38.20%;26.60%;weniger junge Menschen;35.14%;12.38%;52.48%;;;;
East Surrey_South East;East Surrey;33.14%;40.97%;25.89%;weniger junge Menschen;61.64%;14.27%;24.09%;;;;
East Worthing and Shoreham_South East;East Worthing and Shoreham;31.79%;40.29%;27.92%;weniger junge Menschen;51.27%;37.13%;11.60%;;;;
East Yorkshire_Yorkshire and The Humber;East Yorkshire;28.16%;36.03%;35.80%;weniger junge Menschen;66.53%;21.93%;11.54%;;;;
Eastbourne_South East;Eastbourne;31.58%;36.61%;31.81%;weniger junge Menschen;51.83%;7.00%;41.17%;;;;
Eastleigh_South East;Eastleigh;34.59%;40.99%;24.41%;weniger junge Menschen;55.43%;12.82%;31.75%;;;;
Eddisbury_North West;Eddisbury;31.86%;38.16%;29.98%;weniger junge Menschen;57.30%;22.19%;20.51%;;;;
Edinburgh North and Leith_Scotland;Edinburgh North and Leith;34.29%;48.25%;17.46%;weniger junge Menschen;19.52%;22.15%;58.32%;;;;
Edinburgh West_Scotland;Edinburgh West;33.46%;42.50%;24.04%;weniger junge Menschen;17.02%;8.18%;74.80%;;;;
Ellesmere Port and Neston_North West;Ellesmere Port and Neston;33.30%;38.67%;28.03%;weniger junge Menschen;39.75%;53.34%;6.91%;;;;
Elmet and Rothwell_Yorkshire and The Humber;Elmet and Rothwell;32.09%;37.53%;30.38%;weniger junge Menschen;59.14%;28.71%;12.15%;;;;
Enfield, Southgate_London;Enfield, Southgate;35.44%;43.41%;21.15%;weniger junge Menschen;40.12%;48.49%;11.39%;;;;
Epping Forest_East of England;Epping Forest;34.90%;41.04%;24.06%;weniger junge Menschen;64.84%;20.42%;14.75%;;;;
Epsom and Ewell_South East;Epsom and Ewell;34.41%;40.54%;25.05%;weniger junge Menschen;54.82%;17.62%;27.56%;;;;
Erewash_East Midlands;Erewash;34.09%;40.72%;25.20%;weniger junge Menschen;57.28%;35.24%;7.49%;;;;
Esher and Walton_South East;Esher and Walton;34.44%;41.80%;23.76%;weniger junge Menschen;49.92%;4.55%;45.53%;;;;
Falkirk_Scotland;Falkirk;32.83%;41.71%;25.46%;weniger junge Menschen;25.78%;11.17%;63.05%;;;;
Fareham_South East;Fareham;31.45%;39.73%;28.82%;weniger junge Menschen;63.68%;18.12%;18.20%;;;;
Faversham and Mid Kent_South East;Faversham and Mid Kent;33.54%;39.44%;27.02%;weniger junge Menschen;63.70%;19.77%;16.54%;;;;
Folkestone and Hythe_South East;Folkestone and Hythe;30.64%;37.88%;31.47%;weniger junge Menschen;61.08%;24.35%;14.57%;;;;
Forest of Dean_South West;Forest of Dean;31.03%;37.03%;31.94%;weniger junge Menschen;61.15%;29.52%;9.33%;;;;
Fylde_North West;Fylde;28.39%;37.89%;33.72%;weniger junge Menschen;62.17%;25.85%;11.98%;;;;
Gainsborough_East Midlands;Gainsborough;30.58%;37.49%;31.93%;weniger junge Menschen;67.82%;21.86%;10.32%;;;;
Garston and Halewood_North West;Garston and Halewood;34.68%;39.43%;25.89%;weniger junge Menschen;18.68%;72.81%;8.51%;;;;
Gedling_East Midlands;Gedling;33.52%;40.71%;25.78%;weniger junge Menschen;49.12%;44.12%;6.76%;;;;
Glasgow North West_Scotland;Glasgow North West;35.67%;43.98%;20.35%;weniger junge Menschen;15.16%;28.49%;56.36%;;;;
Glasgow South_Scotland;Glasgow South;33.36%;44.81%;21.83%;weniger junge Menschen;14.23%;29.14%;56.63%;;;;
Glenrothes_Scotland;Glenrothes;33.93%;38.90%;27.16%;weniger junge Menschen;19.73%;22.81%;57.46%;;;;
Gordon_Scotland;Gordon;31.87%;41.99%;26.13%;weniger junge Menschen;41.25%;5.46%;53.29%;;;;
Gosport_South East;Gosport;33.26%;38.29%;28.45%;weniger junge Menschen;66.51%;18.47%;15.02%;;;;
Gower_Wales;Gower;32.08%;37.38%;30.55%;weniger junge Menschen;44.40%;45.43%;10.17%;;;;
Grantham and Stamford_East Midlands;Grantham and Stamford;32.21%;39.29%;28.50%;weniger junge Menschen;65.70%;19.27%;15.03%;;;;
Great Yarmouth_East of England;Great Yarmouth;32.82%;36.29%;30.89%;weniger junge Menschen;67.68%;25.87%;6.45%;;;;
Halesowen and Rowley Regis_West Midlands;Halesowen and Rowley Regis;35.48%;38.95%;25.58%;weniger junge Menschen;61.24%;32.37%;6.39%;;;;
Haltemprice and Howden_Yorkshire and The Humber;Haltemprice and Howden;28.91%;38.63%;32.46%;weniger junge Menschen;63.70%;21.99%;14.32%;;;;
Halton_North West;Halton;36.01%;39.57%;24.42%;weniger junge Menschen;30.49%;63.49%;6.02%;;;;
Harborough_East Midlands;Harborough;33.95%;38.40%;27.65%;weniger junge Menschen;55.68%;25.33%;18.99%;;;;
Harrogate and Knaresborough_Yorkshire and The Humber;Harrogate and Knaresborough;30.14%;40.47%;29.38%;weniger junge Menschen;53.76%;9.83%;36.40%;;;;
Hartlepool_North East;Hartlepool;35.67%;38.56%;25.76%;weniger junge Menschen;56.70%;39.02%;4.28%;;;;
Harwich and North Essex_East of England;Harwich and North Essex;33.11%;35.82%;31.07%;weniger junge Menschen;62.06%;22.71%;15.23%;;;;
Hastings and Rye_South East;Hastings and Rye;32.30%;38.57%;29.13%;weniger junge Menschen;50.08%;42.55%;7.37%;;;;
Havant_South East;Havant;33.44%;36.98%;29.58%;weniger junge Menschen;65.88%;18.11%;16.01%;;;;
Hazel Grove_North West;Hazel Grove;31.22%;37.97%;30.80%;weniger junge Menschen;48.77%;12.44%;38.78%;;;;
Hemel Hempstead_East of England;Hemel Hempstead;36.01%;42.33%;21.66%;weniger junge Menschen;56.50%;28.10%;15.40%;;;;
Hemsworth_Yorkshire and The Humber;Hemsworth;34.60%;38.88%;26.52%;weniger junge Menschen;52.60%;40.82%;6.57%;;;;
Henley_South East;Henley;30.86%;39.20%;29.94%;weniger junge Menschen;54.78%;9.70%;35.52%;;;;
Hereford and South Herefordshire_West Midlands;Hereford and South Herefordshire;32.46%;39.02%;28.53%;weniger junge Menschen;61.21%;21.56%;17.23%;;;;
Hertford and Stortford_East of England;Hertford and Stortford;34.51%;42.88%;22.61%;weniger junge Menschen;57.04%;23.84%;19.12%;;;;
Hertsmere_East of England;Hertsmere;36.06%;40.16%;23.78%;weniger junge Menschen;62.55%;21.72%;15.73%;;;;
Hexham_North East;Hexham;27.72%;37.35%;34.94%;weniger junge Menschen;54.50%;31.64%;13.86%;;;;
High Peak_East Midlands;High Peak;31.80%;40.06%;28.14%;weniger junge Menschen;48.03%;44.77%;7.20%;;;;
Hitchin and Harpenden_East of England;Hitchin and Harpenden;34.52%;41.95%;23.53%;weniger junge Menschen;47.38%;17.02%;35.60%;;;;
Hornchurch and Upminster_London;Hornchurch and Upminster;35.78%;39.35%;24.87%;weniger junge Menschen;66.39%;22.79%;10.81%;;;;
Hornsey and Wood Green_London;Hornsey and Wood Green;35.96%;47.73%;16.31%;weniger junge Menschen;12.49%;57.78%;29.73%;;;;
Horsham_South East;Horsham;33.53%;40.89%;25.58%;weniger junge Menschen;57.20%;15.01%;27.79%;;;;
Houghton and Sunderland South_North East;Houghton and Sunderland South;33.86%;38.82%;27.32%;weniger junge Menschen;49.49%;41.66%;8.85%;;;;
Hove_South East;Hove;36.18%;44.31%;19.51%;weniger junge Menschen;30.23%;58.66%;11.11%;;;;
Huntingdon_East of England;Huntingdon;33.33%;41.37%;25.30%;weniger junge Menschen;56.76%;22.79%;20.45%;;;;
Inverclyde_Scotland;Inverclyde;31.93%;39.72%;28.35%;weniger junge Menschen;15.70%;29.53%;54.77%;;;;
Inverness, Nairn, Badenoch and Strathspey_Scotland;Inverness, Nairn, Badenoch and Strathspey;31.99%;41.06%;26.95%;weniger junge Menschen;30.81%;7.52%;61.67%;;;;
Isle of Wight_South East;Isle of Wight;28.63%;35.67%;35.71%;weniger junge Menschen;58.70%;25.38%;15.92%;;;;
Islwyn_Wales;Islwyn;34.50%;39.23%;26.27%;weniger junge Menschen;42.87%;44.70%;12.43%;;;;
Jarrow_North East;Jarrow;33.37%;39.43%;27.19%;weniger junge Menschen;41.62%;49.74%;8.64%;;;;
Keighley_Yorkshire and The Humber;Keighley;35.08%;38.51%;26.42%;weniger junge Menschen;50.48%;44.56%;4.97%;;;;
Kenilworth and Southam_West Midlands;Kenilworth and Southam;33.10%;36.63%;30.26%;weniger junge Menschen;58.21%;18.11%;23.68%;;;;
Kensington_London;Kensington;34.61%;45.14%;20.25%;weniger junge Menschen;39.32%;38.10%;22.58%;;;;
Kettering_East Midlands;Kettering;35.36%;40.62%;24.02%;weniger junge Menschen;62.42%;27.29%;10.29%;;;;
Kilmarnock and Loudoun_Scotland;Kilmarnock and Loudoun;32.94%;40.19%;26.87%;weniger junge Menschen;24.47%;19.08%;56.45%;;;;
Kingswood_South West;Kingswood;34.93%;40.81%;24.26%;weniger junge Menschen;56.76%;33.78%;9.46%;;;;
Kirkcaldy and Cowdenbeath_Scotland;Kirkcaldy and Cowdenbeath;33.31%;39.45%;27.24%;weniger junge Menschen;22.51%;32.60%;44.89%;;;;
Lagan Valley_Northern Ireland;Lagan Valley;36.22%;40.57%;23.21%;weniger junge Menschen;2.12%;62.52%;35.36%;;;;
Lanark and Hamilton East_Scotland;Lanark and Hamilton East;31.79%;40.08%;28.13%;weniger junge Menschen;32.14%;20.23%;47.63%;;;;
Leigh_North West;Leigh;34.28%;41.39%;24.33%;weniger junge Menschen;53.13%;41.98%;4.90%;;;;
Lewes_South East;Lewes;29.32%;36.87%;33.81%;weniger junge Menschen;47.99%;5.86%;46.15%;;;;
Lichfield_West Midlands;Lichfield;30.84%;38.77%;30.40%;weniger junge Menschen;65.22%;20.98%;13.80%;;;;
Linlithgow and East Falkirk_Scotland;Linlithgow and East Falkirk;34.43%;42.10%;23.46%;weniger junge Menschen;27.18%;18.39%;54.43%;;;;
Livingston_Scotland;Livingston;35.64%;42.07%;22.29%;weniger junge Menschen;22.31%;21.83%;55.86%;;;;
Llanelli_Wales;Llanelli;34.06%;37.81%;28.13%;weniger junge Menschen;39.39%;42.18%;18.43%;;;;
Louth and Horncastle_East Midlands;Louth and Horncastle;26.86%;34.50%;38.63%;weniger junge Menschen;74.13%;17.85%;8.02%;;;;
Ludlow_West Midlands;Ludlow;26.08%;36.51%;37.41%;weniger junge Menschen;64.08%;15.11%;20.80%;;;;
Macclesfield_North West;Macclesfield;29.58%;39.77%;30.65%;weniger junge Menschen;52.52%;32.64%;14.84%;;;;
Maidenhead_South East;Maidenhead;33.14%;42.02%;24.85%;weniger junge Menschen;57.74%;13.95%;28.30%;;;;
Maidstone and The Weald_South East;Maidstone and The Weald;35.43%;40.38%;24.19%;weniger junge Menschen;60.83%;18.41%;20.76%;;;;
Makerfield_North West;Makerfield;34.09%;40.00%;25.91%;weniger junge Menschen;47.52%;45.08%;7.40%;;;;
Maldon_East of England;Maldon;30.42%;38.47%;31.11%;weniger junge Menschen;72.02%;12.42%;15.56%;;;;
Mansfield_East Midlands;Mansfield;34.35%;39.99%;25.65%;weniger junge Menschen;65.20%;31.43%;3.37%;;;;
Meon Valley_South East;Meon Valley;31.00%;37.94%;31.06%;weniger junge Menschen;64.33%;10.29%;25.38%;;;;
Meriden_West Midlands;Meriden;35.88%;38.35%;25.77%;weniger junge Menschen;63.44%;21.27%;15.29%;;;;
Merthyr Tydfil and Rhymney_Wales;Merthyr Tydfil and Rhymney;35.76%;39.33%;24.91%;weniger junge Menschen;32.62%;55.66%;11.72%;;;;
Mid Bedfordshire_East of England;Mid Bedfordshire;34.30%;41.64%;24.06%;weniger junge Menschen;61.06%;22.14%;16.80%;;;;
Mid Derbyshire_East Midlands;Mid Derbyshire;30.54%;39.27%;30.19%;weniger junge Menschen;58.81%;27.64%;13.55%;;;;
Mid Dorset and North Poole_South West;Mid Dorset and North Poole;30.57%;36.88%;32.55%;weniger junge Menschen;60.39%;6.95%;32.66%;;;;
Mid Norfolk_East of England;Mid Norfolk;31.22%;36.87%;31.91%;weniger junge Menschen;63.44%;22.55%;14.01%;;;;
Mid Sussex_South East;Mid Sussex;32.65%;41.63%;25.72%;weniger junge Menschen;53.82%;18.05%;28.14%;;;;
Mid Worcestershire_West Midlands;Mid Worcestershire;30.87%;38.66%;30.47%;weniger junge Menschen;67.45%;16.96%;15.59%;;;;
Middlesbrough South and East Cleveland_North East;Middlesbrough South and East Cleveland;33.35%;36.84%;29.82%;weniger junge Menschen;58.84%;34.53%;6.64%;;;;
Midlothian_Scotland;Midlothian;34.76%;40.26%;24.98%;weniger junge Menschen;21.71%;29.71%;48.58%;;;;
Mole Valley_South East;Mole Valley;30.99%;38.67%;30.34%;weniger junge Menschen;56.42%;5.28%;38.30%;;;;
Monmouth_Wales;Monmouth;29.18%;37.64%;33.19%;weniger junge Menschen;52.55%;32.50%;14.95%;;;;
Montgomeryshire_Wales;Montgomeryshire;30.54%;36.31%;33.15%;weniger junge Menschen;59.78%;16.68%;23.54%;;;;
Moray_Scotland;Moray;32.17%;39.50%;28.33%;weniger junge Menschen;45.67%;5.02%;49.30%;;;;
Morecambe and Lunesdale_North West;Morecambe and Lunesdale;33.96%;36.03%;30.02%;weniger junge Menschen;53.45%;39.25%;7.30%;;;;
Morley and Outwood_Yorkshire and The Humber;Morley and Outwood;34.90%;41.26%;23.84%;weniger junge Menschen;57.72%;35.62%;6.65%;;;;
Motherwell and Wishaw_Scotland;Motherwell and Wishaw;35.09%;41.89%;23.01%;weniger junge Menschen;16.32%;32.77%;50.91%;;;;
Na h-Eileanan An Iar_Scotland;Na h-Eileanan An Iar;27.93%;38.78%;33.29%;weniger junge Menschen;22.21%;28.27%;49.51%;;;;
Neath_Wales;Neath;32.42%;38.77%;28.81%;weniger junge Menschen;37.31%;44.11%;18.58%;;;;
New Forest East_South East;New Forest East;30.46%;37.54%;32.00%;weniger junge Menschen;65.39%;15.00%;19.60%;;;;
New Forest West_South East;New Forest West;26.03%;33.12%;40.84%;weniger junge Menschen;63.84%;13.11%;23.05%;;;;
Newark_East Midlands;Newark;31.64%;38.66%;29.70%;weniger junge Menschen;63.29%;23.45%;13.25%;;;;
Newbury_South East;Newbury;34.35%;40.82%;24.82%;weniger junge Menschen;57.70%;7.38%;34.92%;;;;
Newcastle upon Tyne North_North East;Newcastle upon Tyne North;35.88%;37.56%;26.56%;weniger junge Menschen;42.38%;45.44%;12.18%;;;;
Newport West_Wales;Newport West;36.09%;40.08%;23.83%;weniger junge Menschen;45.59%;43.69%;10.72%;;;;
Newton Abbot_South West;Newton Abbot;29.00%;37.46%;33.54%;weniger junge Menschen;56.44%;18.04%;25.52%;;;;
Normanton, Pontefract and Castleford_Yorkshire and The Humber;Normanton, Pontefract and Castleford;35.55%;40.43%;24.02%;weniger junge Menschen;53.88%;39.35%;6.77%;;;;
North Antrim_Northern Ireland;North Antrim;36.29%;39.67%;24.05%;weniger junge Menschen;0.00%;66.20%;33.80%;;;;
North Ayrshire and Arran_Scotland;North Ayrshire and Arran;31.29%;37.56%;31.15%;weniger junge Menschen;30.85%;13.92%;55.23%;;;;
North Cornwall_South West;North Cornwall;30.37%;36.48%;33.15%;weniger junge Menschen;60.01%;8.84%;31.15%;;;;
North Devon_South West;North Devon;30.61%;37.23%;32.16%;weniger junge Menschen;57.23%;9.27%;33.50%;;;;
North Dorset_South West;North Dorset;29.51%;36.84%;33.65%;weniger junge Menschen;63.64%;12.01%;24.36%;;;;
North Down_Northern Ireland;North Down;32.68%;39.01%;28.31%;weniger junge Menschen;4.82%;50.01%;45.17%;;;;
North Durham_North East;North Durham;32.95%;38.98%;28.07%;weniger junge Menschen;45.08%;45.20%;9.71%;;;;
North East Bedfordshire_East of England;North East Bedfordshire;33.98%;41.45%;24.58%;weniger junge Menschen;61.52%;22.66%;15.83%;;;;
North East Cambridgeshire_East of England;North East Cambridgeshire;32.93%;38.43%;28.63%;weniger junge Menschen;72.55%;15.92%;11.54%;;;;
North East Derbyshire_East Midlands;North East Derbyshire;30.30%;38.04%;31.66%;weniger junge Menschen;58.71%;32.55%;8.73%;;;;
North East Fife_Scotland;North East Fife;35.65%;34.48%;29.87%;weniger junge Menschen;12.99%;3.72%;83.29%;;;;
North East Hampshire_South East;North East Hampshire;32.49%;41.86%;25.65%;weniger junge Menschen;60.97%;9.95%;29.07%;;;;
North East Hertfordshire_East of England;North East Hertfordshire;32.79%;40.86%;26.35%;weniger junge Menschen;56.56%;23.68%;19.76%;;;;
North East Somerset_South West;North East Somerset;34.92%;37.26%;27.82%;weniger junge Menschen;50.79%;24.41%;24.80%;;;;
North Herefordshire_West Midlands;North Herefordshire;28.37%;36.58%;35.05%;weniger junge Menschen;63.01%;13.33%;23.65%;;;;
North Norfolk_East of England;North Norfolk;24.85%;33.01%;42.14%;weniger junge Menschen;62.04%;7.66%;30.30%;;;;
North Shropshire_West Midlands;North Shropshire;31.21%;38.83%;29.95%;weniger junge Menschen;64.01%;22.57%;13.42%;;;;
North Somerset_South West;North Somerset;29.92%;38.79%;31.29%;weniger junge Menschen;52.86%;24.60%;22.54%;;;;
North Swindon_South West;North Swindon;35.44%;42.22%;22.33%;weniger junge Menschen;59.12%;29.78%;11.10%;;;;
North Thanet_South East;North Thanet;32.94%;35.82%;31.23%;weniger junge Menschen;62.41%;26.73%;10.87%;;;;
North Tyneside_North East;North Tyneside;33.25%;41.04%;25.71%;weniger junge Menschen;41.14%;49.68%;9.19%;;;;
North Warwickshire_West Midlands;North Warwickshire;33.43%;39.36%;27.21%;weniger junge Menschen;65.88%;26.77%;7.34%;;;;
North West Cambridgeshire_East of England;North West Cambridgeshire;35.92%;41.24%;22.85%;weniger junge Menschen;62.46%;22.20%;15.34%;;;;
North West Durham_North East;North West Durham;32.11%;39.37%;28.53%;weniger junge Menschen;50.36%;40.94%;8.70%;;;;
North West Hampshire_South East;North West Hampshire;33.18%;40.71%;26.11%;weniger junge Menschen;62.10%;15.83%;22.06%;;;;
North West Leicestershire_East Midlands;North West Leicestershire;33.43%;40.56%;26.01%;weniger junge Menschen;63.42%;25.15%;11.43%;;;;
North West Norfolk_East of England;North West Norfolk;30.32%;36.52%;33.16%;weniger junge Menschen;65.72%;22.97%;11.31%;;;;
North Wiltshire_South West;North Wiltshire;31.84%;40.38%;27.78%;weniger junge Menschen;59.12%;10.41%;30.47%;;;;
Norwich North_East of England;Norwich North;34.48%;39.50%;26.02%;weniger junge Menschen;51.09%;40.74%;8.17%;;;;
Nuneaton_West Midlands;Nuneaton;35.76%;40.17%;24.07%;weniger junge Menschen;60.61%;31.52%;7.86%;;;;
Ochil and South Perthshire_Scotland;Ochil and South Perthshire;31.91%;39.18%;28.91%;weniger junge Menschen;38.98%;8.64%;52.39%;;;;
Ogmore_Wales;Ogmore;35.38%;40.02%;24.60%;weniger junge Menschen;36.13%;49.74%;14.13%;;;;
Old Bexley and Sidcup_London;Old Bexley and Sidcup;35.26%;39.90%;24.84%;weniger junge Menschen;64.87%;23.59%;11.54%;;;;
Orkney and Shetland_Scotland;Orkney and Shetland;31.39%;39.56%;29.06%;weniger junge Menschen;13.86%;6.74%;79.40%;;;;
Orpington_London;Orpington;33.79%;39.79%;26.42%;weniger junge Menschen;63.39%;17.45%;19.16%;;;;
Paisley and Renfrewshire North_Scotland;Paisley and Renfrewshire North;33.92%;40.63%;25.46%;weniger junge Menschen;22.58%;23.05%;54.37%;;;;
Paisley and Renfrewshire South_Scotland;Paisley and Renfrewshire South;33.48%;41.10%;25.42%;weniger junge Menschen;17.57%;25.43%;56.99%;;;;
Penistone and Stocksbridge_Yorkshire and The Humber;Penistone and Stocksbridge;30.30%;38.94%;30.77%;weniger junge Menschen;56.52%;33.28%;10.21%;;;;
Penrith and The Border_North West;Penrith and The Border;27.93%;37.75%;34.32%;weniger junge Menschen;61.76%;22.15%;16.09%;;;;
Perth and North Perthshire_Scotland;Perth and North Perthshire;30.56%;39.10%;30.34%;weniger junge Menschen;37.84%;4.57%;57.59%;;;;
Plymouth, Moor View_South West;Plymouth, Moor View;36.24%;37.49%;26.27%;weniger junge Menschen;60.65%;31.50%;7.85%;;;;
Pontypridd_Wales;Pontypridd;36.32%;39.04%;24.64%;weniger junge Menschen;39.18%;47.25%;13.57%;;;;
Poole_South West;Poole;31.94%;39.51%;28.55%;weniger junge Menschen;59.67%;21.13%;19.19%;;;;
Preseli Pembrokeshire_Wales;Preseli Pembrokeshire;31.74%;36.10%;32.16%;weniger junge Menschen;50.40%;38.47%;11.12%;;;;
Pudsey_Yorkshire and The Humber;Pudsey;36.02%;39.85%;24.13%;weniger junge Menschen;49.56%;42.97%;7.46%;;;;
Rayleigh and Wickford_East of England;Rayleigh and Wickford;32.06%;39.28%;28.66%;weniger junge Menschen;72.61%;16.15%;11.24%;;;;
Redcar_North East;Redcar;34.41%;37.72%;27.87%;weniger junge Menschen;54.98%;38.68%;6.35%;;;;
Redditch_West Midlands;Redditch;34.98%;39.83%;25.19%;weniger junge Menschen;63.33%;26.94%;9.73%;;;;
Reigate_South East;Reigate;34.65%;42.26%;23.10%;weniger junge Menschen;54.59%;19.72%;25.69%;;;;
Rhondda_Wales;Rhondda;36.03%;37.65%;26.33%;weniger junge Menschen;28.37%;54.37%;17.27%;;;;
Ribble Valley_North West;Ribble Valley;31.72%;39.22%;29.06%;weniger junge Menschen;60.92%;27.24%;11.84%;;;;
Richmond (Yorks)_Yorkshire and The Humber;Richmond (Yorks);30.53%;38.12%;31.35%;weniger junge Menschen;65.92%;17.04%;17.05%;;;;
Richmond Park_London;Richmond Park;35.77%;44.55%;19.68%;weniger junge Menschen;41.37%;5.26%;53.37%;;;;
Rochford and Southend East_East of England;Rochford and Southend East;35.98%;40.49%;23.53%;weniger junge Menschen;60.60%;33.09%;6.32%;;;;
Ross, Skye and Lochaber_Scotland;Ross, Skye and Lochaber;29.49%;38.99%;31.52%;weniger junge Menschen;19.44%;6.25%;74.30%;;;;
Rossendale and Darwen_North West;Rossendale and Darwen;34.22%;41.13%;24.65%;weniger junge Menschen;56.47%;36.97%;6.56%;;;;
Rother Valley_Yorkshire and The Humber;Rother Valley;33.45%;38.59%;27.96%;weniger junge Menschen;59.24%;32.84%;7.91%;;;;
Rugby_West Midlands;Rugby;34.84%;40.78%;24.38%;weniger junge Menschen;57.57%;31.11%;11.32%;;;;
Ruislip, Northwood and Pinner_London;Ruislip, Northwood and Pinner;32.70%;40.29%;27.01%;weniger junge Menschen;56.50%;24.98%;18.52%;;;;
Rushcliffe_East Midlands;Rushcliffe;33.70%;39.66%;26.64%;weniger junge Menschen;48.36%;35.51%;16.14%;;;;
Rutherglen and Hamilton West_Scotland;Rutherglen and Hamilton West;33.98%;41.80%;24.22%;weniger junge Menschen;15.15%;34.88%;49.97%;;;;
Rutland and Melton_East Midlands;Rutland and Melton;30.71%;38.52%;30.76%;weniger junge Menschen;64.12%;16.83%;19.05%;;;;
Saffron Walden_East of England;Saffron Walden;33.33%;40.63%;26.04%;weniger junge Menschen;62.95%;13.16%;23.88%;;;;
Salisbury_South West;Salisbury;31.24%;39.71%;29.06%;weniger junge Menschen;57.15%;18.26%;24.59%;;;;
Scarborough and Whitby_Yorkshire and The Humber;Scarborough and Whitby;29.98%;36.15%;33.87%;weniger junge Menschen;57.54%;36.12%;6.34%;;;;
Scunthorpe_Yorkshire and The Humber;Scunthorpe;36.16%;39.42%;24.43%;weniger junge Menschen;59.21%;36.70%;4.09%;;;;
Sedgefield_North East;Sedgefield;32.60%;38.69%;28.70%;weniger junge Menschen;56.17%;36.67%;7.16%;;;;
Sefton Central_North West;Sefton Central;28.49%;36.03%;35.48%;weniger junge Menschen;32.81%;57.98%;9.21%;;;;
Selby and Ainsty_Yorkshire and The Humber;Selby and Ainsty;32.83%;40.20%;26.98%;weniger junge Menschen;62.36%;25.42%;12.23%;;;;
Sevenoaks_South East;Sevenoaks;33.68%;39.41%;26.90%;weniger junge Menschen;61.91%;13.90%;24.19%;;;;
Sherwood_East Midlands;Sherwood;33.33%;39.65%;27.02%;weniger junge Menschen;61.62%;30.50%;7.88%;;;;
Shipley_Yorkshire and The Humber;Shipley;31.94%;40.08%;27.98%;weniger junge Menschen;51.65%;39.90%;8.45%;;;;
Shrewsbury and Atcham_West Midlands;Shrewsbury and Atcham;32.14%;39.09%;28.77%;weniger junge Menschen;53.03%;33.86%;13.11%;;;;
Skipton and Ripon_Yorkshire and The Humber;Skipton and Ripon;28.33%;37.63%;34.04%;weniger junge Menschen;60.63%;19.49%;19.88%;;;;
Sleaford and North Hykeham_East Midlands;Sleaford and North Hykeham;30.16%;38.81%;31.03%;weniger junge Menschen;69.93%;18.96%;11.11%;;;;
Solihull_West Midlands;Solihull;33.47%;38.81%;27.72%;weniger junge Menschen;58.38%;19.94%;21.68%;;;;
Somerton and Frome_South West;Somerton and Frome;29.93%;37.28%;32.79%;weniger junge Menschen;55.83%;12.87%;31.30%;;;;
South Cambridgeshire_East of England;South Cambridgeshire;34.02%;40.77%;25.21%;weniger junge Menschen;46.34%;11.66%;42.00%;;;;
South Derbyshire_East Midlands;South Derbyshire;34.47%;41.40%;24.14%;weniger junge Menschen;62.76%;26.54%;10.70%;;;;
South Dorset_South West;South Dorset;29.33%;36.39%;34.28%;weniger junge Menschen;59.37%;25.45%;15.18%;;;;
South East Cambridgeshire_East of England;South East Cambridgeshire;32.76%;41.49%;25.75%;weniger junge Menschen;50.79%;16.56%;32.66%;;;;
South East Cornwall_South West;South East Cornwall;28.35%;36.66%;34.99%;weniger junge Menschen;60.26%;20.53%;19.22%;;;;
South Holland and The Deepings_East Midlands;South Holland and The Deepings;31.16%;38.07%;30.77%;weniger junge Menschen;76.71%;13.35%;9.94%;;;;
South Leicestershire_East Midlands;South Leicestershire;33.49%;40.63%;25.88%;weniger junge Menschen;64.02%;22.25%;13.73%;;;;
South Norfolk_East of England;South Norfolk;30.81%;38.66%;30.53%;weniger junge Menschen;58.03%;23.98%;17.99%;;;;
South Northamptonshire_East Midlands;South Northamptonshire;34.50%;41.78%;23.73%;weniger junge Menschen;63.00%;21.12%;15.88%;;;;
South Ribble_North West;South Ribble;31.45%;39.35%;29.20%;weniger junge Menschen;55.83%;35.01%;9.16%;;;;
South Shields_North East;South Shields;33.81%;39.15%;27.04%;weniger junge Menschen;41.30%;50.47%;8.23%;;;;
South Staffordshire_West Midlands;South Staffordshire;30.52%;38.48%;31.00%;weniger junge Menschen;73.03%;16.54%;10.43%;;;;
South Suffolk_East of England;South Suffolk;29.58%;37.07%;33.35%;weniger junge Menschen;62.20%;19.39%;18.41%;;;;
South Swindon_South West;South Swindon;35.70%;43.08%;21.23%;weniger junge Menschen;52.29%;39.24%;8.47%;;;;
South Thanet_South East;South Thanet;33.01%;36.28%;30.71%;weniger junge Menschen;56.12%;34.19%;9.69%;;;;
South West Bedfordshire_East of England;South West Bedfordshire;35.07%;41.84%;23.09%;weniger junge Menschen;60.43%;25.57%;14.01%;;;;
South West Devon_South West;South West Devon;30.93%;37.65%;31.41%;weniger junge Menschen;62.37%;22.22%;15.41%;;;;
South West Hertfordshire_East of England;South West Hertfordshire;33.67%;41.49%;24.84%;weniger junge Menschen;66.99%;15.97%;17.05%;;;;
South West Norfolk_East of England;South West Norfolk;32.09%;37.30%;30.61%;weniger junge Menschen;70.13%;18.39%;11.48%;;;;
South West Surrey_South East;South West Surrey;33.39%;39.55%;27.06%;weniger junge Menschen;53.35%;7.91%;38.74%;;;;
South West Wiltshire_South West;South West Wiltshire;31.53%;39.13%;29.34%;weniger junge Menschen;60.18%;20.78%;19.03%;;;;
Southend West_East of England;Southend West;32.48%;40.92%;26.60%;weniger junge Menschen;59.95%;28.49%;11.56%;;;;
Southport_North West;Southport;30.17%;36.71%;33.12%;weniger junge Menschen;47.56%;38.95%;13.49%;;;;
Spelthorne_South East;Spelthorne;33.78%;42.09%;24.14%;weniger junge Menschen;58.86%;21.71%;19.43%;;;;
St Albans_East of England;St Albans;35.70%;43.30%;21.00%;weniger junge Menschen;39.30%;8.70%;52.00%;;;;
St Austell and Newquay_South West;St Austell and Newquay;31.46%;38.07%;30.47%;weniger junge Menschen;58.47%;27.57%;13.97%;;;;
St Helens North_North West;St Helens North;34.26%;39.00%;26.74%;weniger junge Menschen;37.97%;52.29%;9.74%;;;;
St Helens South and Whiston_North West;St Helens South and Whiston;34.52%;39.59%;25.90%;weniger junge Menschen;31.18%;58.55%;10.27%;;;;
St Ives_South West;St Ives;28.73%;36.29%;34.98%;weniger junge Menschen;49.77%;6.97%;43.26%;;;;
Stafford_West Midlands;Stafford;33.34%;39.47%;27.19%;weniger junge Menschen;58.64%;30.53%;10.84%;;;;
Staffordshire Moorlands_West Midlands;Staffordshire Moorlands;29.38%;38.62%;32.00%;weniger junge Menschen;64.58%;26.95%;8.48%;;;;
Stalybridge and Hyde_North West;Stalybridge and Hyde;36.27%;40.42%;23.31%;weniger junge Menschen;46.91%;45.37%;7.72%;;;;
Stirling_Scotland;Stirling;36.12%;38.47%;25.40%;weniger junge Menschen;33.53%;8.12%;58.35%;;;;
Stockton North_North East;Stockton North;36.13%;39.24%;24.62%;weniger junge Menschen;51.56%;44.36%;4.08%;;;;
Stockton South_North East;Stockton South;35.53%;40.04%;24.43%;weniger junge Menschen;54.67%;41.06%;4.27%;;;;
Stone_West Midlands;Stone;29.06%;38.23%;32.71%;weniger junge Menschen;63.57%;23.56%;12.87%;;;;
Stourbridge_West Midlands;Stourbridge;33.67%;38.87%;27.46%;weniger junge Menschen;61.09%;30.98%;7.92%;;;;
Strangford_Northern Ireland;Strangford;34.03%;39.20%;26.76%;weniger junge Menschen;3.97%;58.44%;37.59%;;;;
Stratford-on-Avon_West Midlands;Stratford-on-Avon;29.27%;37.74%;32.99%;weniger junge Menschen;60.57%;11.30%;28.13%;;;;
Stroud_South West;Stroud;31.36%;40.04%;28.60%;weniger junge Menschen;49.98%;42.44%;7.58%;;;;
Suffolk Coastal_East of England;Suffolk Coastal;27.68%;34.81%;37.51%;weniger junge Menschen;58.01%;21.87%;20.12%;;;;
Surrey Heath_South East;Surrey Heath;33.34%;41.26%;25.40%;weniger junge Menschen;59.21%;9.32%;31.47%;;;;
Sutton and Cheam_London;Sutton and Cheam;34.55%;44.23%;21.22%;weniger junge Menschen;49.98%;14.26%;35.76%;;;;
Sutton Coldfield_West Midlands;Sutton Coldfield;33.60%;37.44%;28.96%;weniger junge Menschen;60.40%;23.57%;16.03%;;;;
Tamworth_West Midlands;Tamworth;34.46%;39.29%;26.25%;weniger junge Menschen;68.16%;24.34%;7.50%;;;;
Tatton_North West;Tatton;30.09%;39.62%;30.29%;weniger junge Menschen;57.75%;22.24%;20.01%;;;;
Taunton Deane_South West;Taunton Deane;32.35%;38.08%;29.57%;weniger junge Menschen;55.69%;7.69%;36.62%;;;;
Tewkesbury_South West;Tewkesbury;31.95%;39.55%;28.50%;weniger junge Menschen;58.44%;15.23%;26.34%;;;;
The Cotswolds_South West;The Cotswolds;29.21%;37.78%;33.02%;weniger junge Menschen;58.00%;11.62%;30.37%;;;;
The Wrekin_West Midlands;The Wrekin;35.95%;38.92%;25.13%;weniger junge Menschen;63.47%;25.16%;11.37%;;;;
Thirsk and Malton_Yorkshire and The Humber;Thirsk and Malton;28.26%;37.02%;34.72%;weniger junge Menschen;64.61%;19.00%;16.39%;;;;
Thornbury and Yate_South West;Thornbury and Yate;32.09%;39.40%;28.51%;weniger junge Menschen;57.81%;8.05%;34.13%;;;;
Tiverton and Honiton_South West;Tiverton and Honiton;29.27%;36.02%;34.71%;weniger junge Menschen;61.20%;19.87%;18.92%;;;;
Tonbridge and Malling_South East;Tonbridge and Malling;34.81%;40.30%;24.89%;weniger junge Menschen;62.78%;14.54%;22.69%;;;;
Torbay_South West;Torbay;30.46%;37.02%;32.52%;weniger junge Menschen;59.99%;13.18%;26.83%;;;;
Torfaen_Wales;Torfaen;35.62%;38.69%;25.69%;weniger junge Menschen;47.20%;41.82%;10.99%;;;;
Torridge and West Devon_South West;Torridge and West Devon;27.73%;36.03%;36.24%;weniger junge Menschen;60.67%;17.39%;21.95%;;;;
Totnes_South West;Totnes;27.07%;34.85%;38.08%;weniger junge Menschen;53.74%;17.16%;29.10%;;;;
Truro and Falmouth_South West;Truro and Falmouth;34.61%;35.73%;29.65%;weniger junge Menschen;46.34%;38.58%;15.08%;;;;
Tunbridge Wells_South East;Tunbridge Wells;33.20%;42.27%;24.53%;weniger junge Menschen;56.10%;15.08%;28.82%;;;;
Twickenham_London;Twickenham;34.17%;44.81%;21.02%;weniger junge Menschen;35.44%;8.49%;56.07%;;;;
Tynemouth_North East;Tynemouth;31.53%;40.89%;27.59%;weniger junge Menschen;42.89%;48.06%;9.05%;;;;
Vale of Clwyd_Wales;Vale of Clwyd;33.59%;36.25%;30.16%;weniger junge Menschen;50.38%;41.50%;8.12%;;;;
Vale of Glamorgan_Wales;Vale of Glamorgan;34.02%;38.75%;27.23%;weniger junge Menschen;50.29%;43.73%;5.99%;;;;
Wakefield_Yorkshire and The Humber;Wakefield;34.73%;40.98%;24.29%;weniger junge Menschen;54.93%;41.01%;4.05%;;;;
Wallasey_North West;Wallasey;34.81%;38.75%;26.43%;weniger junge Menschen;29.29%;64.31%;6.40%;;;;
Wansbeck_North East;Wansbeck;31.51%;38.85%;29.64%;weniger junge Menschen;48.23%;42.46%;9.31%;;;;
Wantage_South East;Wantage;34.73%;41.55%;23.71%;weniger junge Menschen;51.88%;15.50%;32.62%;;;;
Warrington North_North West;Warrington North;34.28%;40.67%;25.05%;weniger junge Menschen;46.56%;44.17%;9.27%;;;;
Warrington South_North West;Warrington South;34.17%;41.58%;24.26%;weniger junge Menschen;48.31%;42.40%;9.29%;;;;
Washington and Sunderland West_North East;Washington and Sunderland West;34.82%;38.74%;26.44%;weniger junge Menschen;48.15%;43.47%;8.39%;;;;
Waveney_East of England;Waveney;31.53%;35.91%;32.56%;weniger junge Menschen;62.45%;27.07%;10.47%;;;;
Wealden_South East;Wealden;30.99%;37.77%;31.24%;weniger junge Menschen;60.82%;15.40%;23.79%;;;;
Weaver Vale_North West;Weaver Vale;33.40%;39.57%;27.03%;weniger junge Menschen;46.52%;44.90%;8.58%;;;;
Wellingborough_East Midlands;Wellingborough;35.12%;40.03%;24.84%;weniger junge Menschen;62.18%;26.46%;11.36%;;;;
Wells_South West;Wells;30.27%;36.76%;32.97%;weniger junge Menschen;54.66%;7.06%;38.28%;;;;
Wentworth and Dearne_Yorkshire and The Humber;Wentworth and Dearne;34.98%;39.34%;25.68%;weniger junge Menschen;53.93%;41.81%;4.26%;;;;
West Aberdeenshire and Kincardine_Scotland;West Aberdeenshire and Kincardine;32.23%;42.01%;25.75%;weniger junge Menschen;42.65%;4.56%;52.79%;;;;
West Dorset_South West;West Dorset;26.45%;34.66%;38.88%;weniger junge Menschen;55.13%;9.40%;35.46%;;;;
West Dunbartonshire_Scotland;West Dunbartonshire;33.98%;40.15%;25.87%;weniger junge Menschen;14.49%;28.90%;56.61%;;;;
West Worcestershire_West Midlands;West Worcestershire;28.15%;35.96%;35.89%;weniger junge Menschen;60.68%;16.51%;22.81%;;;;
Westmorland and Lonsdale_North West;Westmorland and Lonsdale;27.32%;36.38%;36.30%;weniger junge Menschen;46.71%;4.35%;48.94%;;;;
Weston-Super-Mare_South West;Weston-Super-Mare;32.65%;38.39%;28.96%;weniger junge Menschen;57.51%;26.72%;15.77%;;;;
Wigan_North West;Wigan;34.62%;40.81%;24.57%;weniger junge Menschen;45.01%;46.72%;8.27%;;;;
Wimbledon_London;Wimbledon;35.81%;45.99%;18.20%;weniger junge Menschen;38.69%;23.82%;37.49%;;;;
Winchester_South East;Winchester;36.26%;36.72%;27.01%;weniger junge Menschen;48.52%;4.65%;46.84%;;;;
Windsor_South East;Windsor;34.30%;42.70%;23.00%;weniger junge Menschen;59.59%;15.41%;25.00%;;;;
Wirral South_North West;Wirral South;30.81%;37.77%;31.42%;weniger junge Menschen;39.95%;51.17%;8.88%;;;;
Wirral West_North West;Wirral West;29.81%;36.76%;33.43%;weniger junge Menschen;43.23%;48.22%;8.55%;;;;
Witham_East of England;Witham;32.68%;39.42%;27.90%;weniger junge Menschen;66.63%;17.82%;15.55%;;;;
Witney_South East;Witney;32.15%;39.97%;27.88%;weniger junge Menschen;55.23%;14.31%;30.47%;;;;
Woking_South East;Woking;35.18%;42.19%;22.63%;weniger junge Menschen;49.49%;16.55%;33.96%;;;;
Wokingham_South East;Wokingham;35.93%;42.39%;21.68%;weniger junge Menschen;49.64%;10.42%;39.95%;;;;
Workington_North West;Workington;31.19%;38.03%;30.78%;weniger junge Menschen;54.68%;40.11%;5.22%;;;;
Worthing West_South East;Worthing West;28.03%;36.99%;34.98%;weniger junge Menschen;56.27%;28.90%;14.83%;;;;
Wrexham_Wales;Wrexham;34.01%;39.75%;26.23%;weniger junge Menschen;48.97%;38.97%;12.06%;;;;
Wyre and Preston North_North West;Wyre and Preston North;30.57%;37.11%;32.32%;weniger junge Menschen;60.07%;28.16%;11.77%;;;;
Wyre Forest_West Midlands;Wyre Forest;31.31%;37.64%;31.05%;weniger junge Menschen;65.19%;22.84%;11.97%;;;;
Yeovil_South West;Yeovil;32.09%;37.44%;30.47%;weniger junge Menschen;59.24%;6.44%;34.32%;;;;
Ynys Mon_Wales;Ynys Mon;30.66%;35.97%;33.37%;weniger junge Menschen;41.43%;30.07%;28.50%;;;;
York Outer_Yorkshire and The Humber;York Outer;34.13%;35.73%;30.14%;weniger junge Menschen;49.99%;31.72%;18.28%;;;;